<?xml version="1.0" encoding="UTF-8"?>
<!DOCTYPE plist PUBLIC "-//Apple//DTD PLIST 1.0//EN" "http://www.apple.com/DTDs/PropertyList-1.0.dtd"/>

<plist version="1.0">
    <dict>
        <key>ROOT</key>
        <array>
            <dict>
                <key>id</key>
                <string>484</string>
                <key>className</key>
                <string>PTModelObjectAssetLight</string>
                <key>Name</key>
                <dict>
                    <key>value</key>
                    <string>Untitled</string>
                </dict>
                <key>Position</key>
                <dict>
                    <key>value</key>
                    <string>{1954.255,490.320}</string>
                </dict>
                <key>Scale</key>
                <dict>
                    <key>value</key>
                    <string>{1.000,1.000}</string>
                </dict>
                <key>Hidden</key>
                <dict>
                    <key>visible</key>
                    <string>0</string>
                </dict>
                <key>Locked</key>
                <dict>
                    <key>visible</key>
                    <string>0</string>
                </dict>
                <key>Radius</key>
                <dict>
                    <key>value</key>
                    <string>50.000000</string>
                </dict>
                <key>Color</key>
                <dict>
                    <key>r</key>
                    <string>255.000000</string>
                    <key>g</key>
                    <string>255.000000</string>
                    <key>b</key>
                    <string>255.000000</string>
                    <key>a</key>
                    <string>209.000000</string>
                </dict>
                <key>Cast Shadow</key>
                <dict>
                    <key>value</key>
                    <string>1</string>
                </dict>
                <key>zDepth</key>
                <string>1</string>
            </dict>
            <dict>
                <key>id</key>
                <string>1296</string>
                <key>className</key>
                <string>PTModelObjectAssetLight</string>
                <key>Name</key>
                <dict>
                    <key>value</key>
                    <string>Untitled</string>
                </dict>
                <key>Position</key>
                <dict>
                    <key>value</key>
                    <string>{1954.255,490.320}</string>
                </dict>
                <key>Scale</key>
                <dict>
                    <key>value</key>
                    <string>{1.000,1.000}</string>
                </dict>
                <key>Hidden</key>
                <dict>
                    <key>visible</key>
                    <string>0</string>
                </dict>
                <key>Locked</key>
                <dict>
                    <key>visible</key>
                    <string>0</string>
                </dict>
                <key>Radius</key>
                <dict>
                    <key>value</key>
                    <string>50.000000</string>
                </dict>
                <key>Color</key>
                <dict>
                    <key>r</key>
                    <string>255.000000</string>
                    <key>g</key>
                    <string>255.000000</string>
                    <key>b</key>
                    <string>255.000000</string>
                    <key>a</key>
                    <string>209.000000</string>
                </dict>
                <key>Cast Shadow</key>
                <dict>
                    <key>value</key>
                    <string>1</string>
                </dict>
                <key>zDepth</key>
                <string>1</string>
            </dict>
            <dict>
                <key>id</key>
                <string>2933</string>
                <key>className</key>
                <string>PTModelObjectAssetLight</string>
                <key>Name</key>
                <dict>
                    <key>value</key>
                    <string>Light</string>
                </dict>
                <key>Position</key>
                <dict>
                    <key>value</key>
                    <string>{483.367,549.469}</string>
                    <key>animationsX</key>
                    <array/>
                    <key>animationsY</key>
                    <array/>
                </dict>
                <key>Rotation</key>
                <dict>
                    <key>animations</key>
                    <array/>
                </dict>
                <key>Scale</key>
                <dict>
                    <key>value</key>
                    <string>{1.000,1.000}</string>
                    <key>animationsX</key>
                    <array/>
                    <key>animationsY</key>
                    <array/>
                </dict>
                <key>Hidden</key>
                <dict>
                    <key>visible</key>
                    <string>0</string>
                </dict>
                <key>Locked</key>
                <dict>
                    <key>visible</key>
                    <string>0</string>
                </dict>
                <key>Opacity</key>
                <dict>
                    <key>animations</key>
                    <array/>
                </dict>
                <key>Radius</key>
                <dict>
                    <key>value</key>
                    <string>50.000000</string>
                </dict>
                <key>Color</key>
                <dict>
                    <key>r</key>
                    <string>85.000000</string>
                    <key>g</key>
                    <string>170.000000</string>
                    <key>b</key>
                    <string>255.000000</string>
                    <key>a</key>
                    <string>255.000000</string>
                </dict>
                <key>zDepth</key>
                <string>501</string>
            </dict>
            <dict>
                <key>id</key>
                <string>2962</string>
                <key>className</key>
                <string>PTModelObjectAssetLight</string>
                <key>Name</key>
                <dict>
                    <key>value</key>
                    <string>Light</string>
                </dict>
                <key>Position</key>
                <dict>
                    <key>value</key>
                    <string>{9.687,103.111}</string>
                    <key>animationsX</key>
                    <array/>
                    <key>animationsY</key>
                    <array/>
                </dict>
                <key>Rotation</key>
                <dict>
                    <key>animations</key>
                    <array/>
                </dict>
                <key>Scale</key>
                <dict>
                    <key>value</key>
                    <string>{1.000,1.000}</string>
                    <key>animationsX</key>
                    <array/>
                    <key>animationsY</key>
                    <array/>
                </dict>
                <key>Hidden</key>
                <dict>
                    <key>visible</key>
                    <string>0</string>
                </dict>
                <key>Locked</key>
                <dict>
                    <key>visible</key>
                    <string>0</string>
                </dict>
                <key>Radius</key>
                <dict>
                    <key>value</key>
                    <string>50.000000</string>
                </dict>
                <key>Color</key>
                <dict>
                    <key>r</key>
                    <string>255.000000</string>
                    <key>g</key>
                    <string>0.000000</string>
                    <key>b</key>
                    <string>127.000000</string>
                    <key>a</key>
                    <string>255.000000</string>
                </dict>
                <key>zDepth</key>
                <string>2</string>
            </dict>
            <dict>
                <key>id</key>
                <string>2968</string>
                <key>className</key>
                <string>PTModelObjectAssetLight</string>
                <key>Name</key>
                <dict>
                    <key>value</key>
                    <string>Light</string>
                </dict>
                <key>Position</key>
                <dict>
                    <key>value</key>
                    <string>{-46.000,175.000}</string>
                    <key>animationsX</key>
                    <array/>
                    <key>animationsY</key>
                    <array/>
                </dict>
                <key>Rotation</key>
                <dict>
                    <key>animations</key>
                    <array/>
                </dict>
                <key>Scale</key>
                <dict>
                    <key>value</key>
                    <string>{1.000,1.000}</string>
                    <key>animationsX</key>
                    <array/>
                    <key>animationsY</key>
                    <array/>
                </dict>
                <key>Hidden</key>
                <dict>
                    <key>visible</key>
                    <string>0</string>
                </dict>
                <key>Locked</key>
                <dict>
                    <key>visible</key>
                    <string>0</string>
                </dict>
                <key>Radius</key>
                <dict>
                    <key>value</key>
                    <string>50.000000</string>
                </dict>
                <key>Color</key>
                <dict>
                    <key>r</key>
                    <string>255.000000</string>
                    <key>g</key>
                    <string>0.000000</string>
                    <key>b</key>
                    <string>127.000000</string>
                    <key>a</key>
                    <string>255.000000</string>
                </dict>
                <key>zDepth</key>
                <string>2</string>
            </dict>
            <dict>
                <key>id</key>
                <string>2974</string>
                <key>className</key>
                <string>PTModelObjectAssetLight</string>
                <key>Name</key>
                <dict>
                    <key>value</key>
                    <string>Light</string>
                </dict>
                <key>Position</key>
                <dict>
                    <key>value</key>
                    <string>{5.852,137.473}</string>
                    <key>animationsX</key>
                    <array/>
                    <key>animationsY</key>
                    <array/>
                </dict>
                <key>Rotation</key>
                <dict>
                    <key>animations</key>
                    <array/>
                </dict>
                <key>Scale</key>
                <dict>
                    <key>value</key>
                    <string>{1.000,1.000}</string>
                    <key>animationsX</key>
                    <array/>
                    <key>animationsY</key>
                    <array/>
                </dict>
                <key>Hidden</key>
                <dict>
                    <key>visible</key>
                    <string>0</string>
                </dict>
                <key>Locked</key>
                <dict>
                    <key>visible</key>
                    <string>0</string>
                </dict>
                <key>Radius</key>
                <dict>
                    <key>value</key>
                    <string>50.000000</string>
                </dict>
                <key>Color</key>
                <dict>
                    <key>r</key>
                    <string>255.000000</string>
                    <key>g</key>
                    <string>0.000000</string>
                    <key>b</key>
                    <string>127.000000</string>
                    <key>a</key>
                    <string>255.000000</string>
                </dict>
                <key>zDepth</key>
                <string>2</string>
            </dict>
            <dict>
                <key>id</key>
                <string>2980</string>
                <key>className</key>
                <string>PTModelObjectAssetLight</string>
                <key>Name</key>
                <dict>
                    <key>value</key>
                    <string>Light</string>
                </dict>
                <key>Position</key>
                <dict>
                    <key>value</key>
                    <string>{3.000,4.000}</string>
                    <key>animationsX</key>
                    <array/>
                    <key>animationsY</key>
                    <array/>
                </dict>
                <key>Rotation</key>
                <dict>
                    <key>animations</key>
                    <array/>
                </dict>
                <key>Scale</key>
                <dict>
                    <key>value</key>
                    <string>{1.000,1.000}</string>
                    <key>animationsX</key>
                    <array/>
                    <key>animationsY</key>
                    <array/>
                </dict>
                <key>Hidden</key>
                <dict>
                    <key>visible</key>
                    <string>0</string>
                </dict>
                <key>Locked</key>
                <dict>
                    <key>visible</key>
                    <string>0</string>
                </dict>
                <key>Radius</key>
                <dict>
                    <key>value</key>
                    <string>50.000000</string>
                </dict>
                <key>Color</key>
                <dict>
                    <key>r</key>
                    <string>255.000000</string>
                    <key>g</key>
                    <string>0.000000</string>
                    <key>b</key>
                    <string>127.000000</string>
                    <key>a</key>
                    <string>255.000000</string>
                </dict>
                <key>zDepth</key>
                <string>2</string>
            </dict>
            <dict>
                <key>id</key>
                <string>5668</string>
                <key>className</key>
                <string>PTModelObjectAssetLight</string>
                <key>Name</key>
                <dict>
                    <key>value</key>
                    <string>Light</string>
                </dict>
                <key>Position</key>
                <dict>
                    <key>value</key>
                    <string>{555.123,475.820}</string>
                    <key>animationsX</key>
                    <array/>
                    <key>animationsY</key>
                    <array/>
                </dict>
                <key>Rotation</key>
                <dict>
                    <key>animations</key>
                    <array/>
                </dict>
                <key>Scale</key>
                <dict>
                    <key>value</key>
                    <string>{1.000,1.000}</string>
                    <key>animationsX</key>
                    <array/>
                    <key>animationsY</key>
                    <array/>
                </dict>
                <key>Hidden</key>
                <dict>
                    <key>visible</key>
                    <string>0</string>
                </dict>
                <key>Locked</key>
                <dict>
                    <key>visible</key>
                    <string>0</string>
                </dict>
                <key>Opacity</key>
                <dict>
                    <key>animations</key>
                    <array/>
                </dict>
                <key>Radius</key>
                <dict>
                    <key>animations</key>
                    <array/>
                </dict>
                <key>Color</key>
                <dict>
                    <key>r</key>
                    <string>255.000000</string>
                    <key>g</key>
                    <string>0.000000</string>
                    <key>b</key>
                    <string>0.000000</string>
                    <key>a</key>
                    <string>255.000000</string>
                </dict>
                <key>zDepth</key>
                <string>509</string>
            </dict>
        </array>
    </dict>
</plist>
