<?xml version="1.0" encoding="UTF-8"?>
<!DOCTYPE plist PUBLIC "-//Apple//DTD PLIST 1.0//EN" "http://www.apple.com/DTDs/PropertyList-1.0.dtd"/>

<plist version="1.0">
    <dict>
        <key>ROOT</key>
        <array>
            <dict>
                <key>id</key>
                <string>1689</string>
                <key>Asset</key>
                <dict>
                    <key>value</key>
                    <string>1681</string>
                </dict>
            </dict>
            <dict>
                <key>id</key>
                <string>1691</string>
                <key>Asset</key>
                <dict>
                    <key>value</key>
                    <string>1681</string>
                </dict>
            </dict>
            <dict>
                <key>id</key>
                <string>1693</string>
                <key>Asset</key>
                <dict>
                    <key>value</key>
                    <string>1681</string>
                </dict>
            </dict>
            <dict>
                <key>id</key>
                <string>1695</string>
                <key>Asset</key>
                <dict>
                    <key>value</key>
                    <string>1681</string>
                </dict>
            </dict>
            <dict>
                <key>id</key>
                <string>1697</string>
                <key>Asset</key>
                <dict>
                    <key>value</key>
                    <string>1681</string>
                </dict>
            </dict>
            <dict>
                <key>id</key>
                <string>1699</string>
                <key>Asset</key>
                <dict>
                    <key>value</key>
                    <string>1681</string>
                </dict>
            </dict>
            <dict>
                <key>id</key>
                <string>1701</string>
                <key>Asset</key>
                <dict>
                    <key>value</key>
                    <string>1681</string>
                </dict>
            </dict>
            <dict>
                <key>id</key>
                <string>1703</string>
                <key>Asset</key>
                <dict>
                    <key>value</key>
                    <string>1681</string>
                </dict>
            </dict>
            <dict>
                <key>id</key>
                <string>1705</string>
                <key>Asset</key>
                <dict>
                    <key>value</key>
                    <string>1681</string>
                </dict>
            </dict>
            <dict>
                <key>id</key>
                <string>1707</string>
                <key>Asset</key>
                <dict>
                    <key>value</key>
                    <string>1681</string>
                </dict>
            </dict>
            <dict>
                <key>id</key>
                <string>1709</string>
                <key>Asset</key>
                <dict>
                    <key>value</key>
                    <string>1681</string>
                </dict>
            </dict>
            <dict>
                <key>id</key>
                <string>1732</string>
                <key>Asset</key>
                <dict>
                    <key>value</key>
                    <string>1724</string>
                </dict>
            </dict>
            <dict>
                <key>id</key>
                <string>1743</string>
                <key>Asset</key>
                <dict>
                    <key>value</key>
                    <string>1735</string>
                </dict>
            </dict>
            <dict>
                <key>id</key>
                <string>1754</string>
                <key>Asset</key>
                <dict>
                    <key>value</key>
                    <string>1746</string>
                </dict>
            </dict>
            <dict>
                <key>id</key>
                <string>1765</string>
                <key>Asset</key>
                <dict>
                    <key>value</key>
                    <string>1757</string>
                </dict>
            </dict>
            <dict>
                <key>id</key>
                <string>1857</string>
                <key>Asset</key>
                <dict>
                    <key>value</key>
                    <string>1849</string>
                </dict>
            </dict>
            <dict>
                <key>id</key>
                <string>1859</string>
                <key>Asset</key>
                <dict>
                    <key>value</key>
                    <string>1849</string>
                </dict>
            </dict>
            <dict>
                <key>id</key>
                <string>1861</string>
                <key>Asset</key>
                <dict>
                    <key>value</key>
                    <string>1849</string>
                </dict>
            </dict>
            <dict>
                <key>id</key>
                <string>2174</string>
                <key>Asset</key>
                <dict>
                    <key>value</key>
                    <string>1915</string>
                </dict>
            </dict>
            <dict>
                <key>id</key>
                <string>2190</string>
                <key>Asset</key>
                <dict>
                    <key>value</key>
                    <string>2182</string>
                </dict>
            </dict>
            <dict>
                <key>id</key>
                <string>2204</string>
                <key>Asset</key>
                <dict>
                    <key>value</key>
                    <string>2196</string>
                </dict>
            </dict>
            <dict>
                <key>id</key>
                <string>2216</string>
                <key>Asset</key>
                <dict>
                    <key>value</key>
                    <string>2208</string>
                </dict>
            </dict>
            <dict>
                <key>id</key>
                <string>2228</string>
                <key>Asset</key>
                <dict>
                    <key>value</key>
                    <string>2220</string>
                </dict>
            </dict>
            <dict>
                <key>id</key>
                <string>2239</string>
                <key>Asset</key>
                <dict>
                    <key>value</key>
                    <string>2231</string>
                </dict>
            </dict>
            <dict>
                <key>id</key>
                <string>2255</string>
                <key>Asset</key>
                <dict>
                    <key>value</key>
                    <string>1849</string>
                </dict>
            </dict>
            <dict>
                <key>id</key>
                <string>2257</string>
                <key>Asset</key>
                <dict>
                    <key>value</key>
                    <string>1849</string>
                </dict>
            </dict>
            <dict>
                <key>id</key>
                <string>2259</string>
                <key>Asset</key>
                <dict>
                    <key>value</key>
                    <string>1849</string>
                </dict>
            </dict>
            <dict>
                <key>id</key>
                <string>2261</string>
                <key>Asset</key>
                <dict>
                    <key>value</key>
                    <string>1849</string>
                </dict>
            </dict>
            <dict>
                <key>id</key>
                <string>2263</string>
                <key>Asset</key>
                <dict>
                    <key>value</key>
                    <string>1849</string>
                </dict>
            </dict>
            <dict>
                <key>id</key>
                <string>2265</string>
                <key>Asset</key>
                <dict>
                    <key>value</key>
                    <string>1849</string>
                </dict>
            </dict>
            <dict>
                <key>id</key>
                <string>2279</string>
                <key>Asset</key>
                <dict>
                    <key>value</key>
                    <string>2271</string>
                </dict>
            </dict>
            <dict>
                <key>id</key>
                <string>2314</string>
                <key>Asset</key>
                <dict>
                    <key>value</key>
                    <string>2306</string>
                </dict>
            </dict>
            <dict>
                <key>id</key>
                <string>2340</string>
                <key>Asset</key>
                <dict>
                    <key>value</key>
                    <string>2271</string>
                </dict>
            </dict>
            <dict>
                <key>id</key>
                <string>2342</string>
                <key>Asset</key>
                <dict>
                    <key>value</key>
                    <string>2271</string>
                </dict>
            </dict>
            <dict>
                <key>id</key>
                <string>2344</string>
                <key>Asset</key>
                <dict>
                    <key>value</key>
                    <string>2271</string>
                </dict>
            </dict>
            <dict>
                <key>id</key>
                <string>2346</string>
                <key>Asset</key>
                <dict>
                    <key>value</key>
                    <string>2271</string>
                </dict>
            </dict>
            <dict>
                <key>id</key>
                <string>2348</string>
                <key>Asset</key>
                <dict>
                    <key>value</key>
                    <string>2271</string>
                </dict>
            </dict>
            <dict>
                <key>id</key>
                <string>2350</string>
                <key>Asset</key>
                <dict>
                    <key>value</key>
                    <string>2271</string>
                </dict>
            </dict>
            <dict>
                <key>id</key>
                <string>2424</string>
                <key>Asset</key>
                <dict>
                    <key>value</key>
                    <string>2306</string>
                </dict>
            </dict>
            <dict>
                <key>id</key>
                <string>2426</string>
                <key>Asset</key>
                <dict>
                    <key>value</key>
                    <string>2306</string>
                </dict>
            </dict>
            <dict>
                <key>id</key>
                <string>2428</string>
                <key>Asset</key>
                <dict>
                    <key>value</key>
                    <string>2306</string>
                </dict>
            </dict>
            <dict>
                <key>id</key>
                <string>2430</string>
                <key>Asset</key>
                <dict>
                    <key>value</key>
                    <string>2306</string>
                </dict>
            </dict>
            <dict>
                <key>id</key>
                <string>2432</string>
                <key>Asset</key>
                <dict>
                    <key>value</key>
                    <string>2306</string>
                </dict>
            </dict>
            <dict>
                <key>id</key>
                <string>2434</string>
                <key>Asset</key>
                <dict>
                    <key>value</key>
                    <string>2306</string>
                </dict>
            </dict>
            <dict>
                <key>id</key>
                <string>2436</string>
                <key>Asset</key>
                <dict>
                    <key>value</key>
                    <string>2306</string>
                </dict>
            </dict>
            <dict>
                <key>id</key>
                <string>2438</string>
                <key>Asset</key>
                <dict>
                    <key>value</key>
                    <string>2306</string>
                </dict>
            </dict>
            <dict>
                <key>id</key>
                <string>2440</string>
                <key>Asset</key>
                <dict>
                    <key>value</key>
                    <string>2306</string>
                </dict>
            </dict>
            <dict>
                <key>id</key>
                <string>2442</string>
                <key>Asset</key>
                <dict>
                    <key>value</key>
                    <string>2306</string>
                </dict>
            </dict>
            <dict>
                <key>id</key>
                <string>2444</string>
                <key>Asset</key>
                <dict>
                    <key>value</key>
                    <string>2306</string>
                </dict>
            </dict>
            <dict>
                <key>id</key>
                <string>2446</string>
                <key>Asset</key>
                <dict>
                    <key>value</key>
                    <string>2306</string>
                </dict>
            </dict>
            <dict>
                <key>id</key>
                <string>2448</string>
                <key>Asset</key>
                <dict>
                    <key>value</key>
                    <string>2306</string>
                </dict>
            </dict>
            <dict>
                <key>id</key>
                <string>2450</string>
                <key>Asset</key>
                <dict>
                    <key>value</key>
                    <string>2306</string>
                </dict>
            </dict>
            <dict>
                <key>id</key>
                <string>2452</string>
                <key>Asset</key>
                <dict>
                    <key>value</key>
                    <string>2306</string>
                </dict>
            </dict>
            <dict>
                <key>id</key>
                <string>2463</string>
                <key>Asset</key>
                <dict>
                    <key>value</key>
                    <string>2455</string>
                </dict>
            </dict>
            <dict>
                <key>id</key>
                <string>2515</string>
                <key>Asset</key>
                <dict>
                    <key>value</key>
                    <string>2507</string>
                </dict>
            </dict>
            <dict>
                <key>id</key>
                <string>2517</string>
                <key>Asset</key>
                <dict>
                    <key>value</key>
                    <string>2507</string>
                </dict>
            </dict>
            <dict>
                <key>id</key>
                <string>2519</string>
                <key>Asset</key>
                <dict>
                    <key>value</key>
                    <string>2507</string>
                </dict>
            </dict>
            <dict>
                <key>id</key>
                <string>2541</string>
                <key>Asset</key>
                <dict>
                    <key>value</key>
                    <string>2507</string>
                </dict>
            </dict>
            <dict>
                <key>id</key>
                <string>2543</string>
                <key>Asset</key>
                <dict>
                    <key>value</key>
                    <string>2507</string>
                </dict>
            </dict>
            <dict>
                <key>id</key>
                <string>2545</string>
                <key>Asset</key>
                <dict>
                    <key>value</key>
                    <string>2507</string>
                </dict>
            </dict>
            <dict>
                <key>id</key>
                <string>2566</string>
                <key>Asset</key>
                <dict>
                    <key>value</key>
                    <string>2558</string>
                </dict>
                <key>components</key>
                <array>
                    <string>2768</string>
                </array>
            </dict>
            <dict>
                <key>id</key>
                <string>2568</string>
                <key>Asset</key>
                <dict>
                    <key>value</key>
                    <string>2558</string>
                </dict>
                <key>components</key>
                <array>
                    <string>2770</string>
                </array>
            </dict>
            <dict>
                <key>id</key>
                <string>2570</string>
                <key>Asset</key>
                <dict>
                    <key>value</key>
                    <string>2558</string>
                </dict>
                <key>components</key>
                <array>
                    <string>2772</string>
                </array>
            </dict>
            <dict>
                <key>id</key>
                <string>2572</string>
                <key>Asset</key>
                <dict>
                    <key>value</key>
                    <string>2558</string>
                </dict>
                <key>components</key>
                <array>
                    <string>2773</string>
                </array>
            </dict>
            <dict>
                <key>id</key>
                <string>2574</string>
                <key>Asset</key>
                <dict>
                    <key>value</key>
                    <string>2558</string>
                </dict>
                <key>components</key>
                <array>
                    <string>2774</string>
                </array>
            </dict>
            <dict>
                <key>id</key>
                <string>2576</string>
                <key>Asset</key>
                <dict>
                    <key>value</key>
                    <string>2558</string>
                </dict>
                <key>components</key>
                <array>
                    <string>2775</string>
                </array>
            </dict>
            <dict>
                <key>id</key>
                <string>2578</string>
                <key>Asset</key>
                <dict>
                    <key>value</key>
                    <string>2558</string>
                </dict>
                <key>components</key>
                <array>
                    <string>2776</string>
                </array>
            </dict>
            <dict>
                <key>id</key>
                <string>2580</string>
                <key>Asset</key>
                <dict>
                    <key>value</key>
                    <string>2558</string>
                </dict>
                <key>components</key>
                <array>
                    <string>2777</string>
                </array>
            </dict>
            <dict>
                <key>id</key>
                <string>2582</string>
                <key>Asset</key>
                <dict>
                    <key>value</key>
                    <string>2558</string>
                </dict>
                <key>components</key>
                <array>
                    <string>2778</string>
                </array>
            </dict>
            <dict>
                <key>id</key>
                <string>2584</string>
                <key>Asset</key>
                <dict>
                    <key>value</key>
                    <string>2558</string>
                </dict>
                <key>components</key>
                <array>
                    <string>2779</string>
                </array>
            </dict>
            <dict>
                <key>id</key>
                <string>2597</string>
                <key>Asset</key>
                <dict>
                    <key>value</key>
                    <string>2589</string>
                </dict>
            </dict>
            <dict>
                <key>id</key>
                <string>2599</string>
                <key>Asset</key>
                <dict>
                    <key>value</key>
                    <string>2589</string>
                </dict>
            </dict>
            <dict>
                <key>id</key>
                <string>2601</string>
                <key>Asset</key>
                <dict>
                    <key>value</key>
                    <string>2589</string>
                </dict>
            </dict>
            <dict>
                <key>id</key>
                <string>2603</string>
                <key>Asset</key>
                <dict>
                    <key>value</key>
                    <string>2589</string>
                </dict>
            </dict>
            <dict>
                <key>id</key>
                <string>2605</string>
                <key>Asset</key>
                <dict>
                    <key>value</key>
                    <string>2589</string>
                </dict>
            </dict>
            <dict>
                <key>id</key>
                <string>2632</string>
                <key>Asset</key>
                <dict>
                    <key>value</key>
                    <string>2624</string>
                </dict>
            </dict>
            <dict>
                <key>id</key>
                <string>2634</string>
                <key>Asset</key>
                <dict>
                    <key>value</key>
                    <string>2624</string>
                </dict>
            </dict>
            <dict>
                <key>id</key>
                <string>2636</string>
                <key>Asset</key>
                <dict>
                    <key>value</key>
                    <string>2624</string>
                </dict>
            </dict>
            <dict>
                <key>id</key>
                <string>2656</string>
                <key>Asset</key>
                <dict>
                    <key>value</key>
                    <string>2624</string>
                </dict>
            </dict>
            <dict>
                <key>id</key>
                <string>2658</string>
                <key>Asset</key>
                <dict>
                    <key>value</key>
                    <string>2624</string>
                </dict>
            </dict>
            <dict>
                <key>id</key>
                <string>2660</string>
                <key>Asset</key>
                <dict>
                    <key>value</key>
                    <string>2624</string>
                </dict>
            </dict>
            <dict>
                <key>id</key>
                <string>2662</string>
                <key>Asset</key>
                <dict>
                    <key>value</key>
                    <string>2624</string>
                </dict>
            </dict>
            <dict>
                <key>id</key>
                <string>2664</string>
                <key>Asset</key>
                <dict>
                    <key>value</key>
                    <string>2624</string>
                </dict>
            </dict>
            <dict>
                <key>id</key>
                <string>2666</string>
                <key>Asset</key>
                <dict>
                    <key>value</key>
                    <string>2624</string>
                </dict>
            </dict>
            <dict>
                <key>id</key>
                <string>2668</string>
                <key>Asset</key>
                <dict>
                    <key>value</key>
                    <string>2624</string>
                </dict>
            </dict>
            <dict>
                <key>id</key>
                <string>2670</string>
                <key>Asset</key>
                <dict>
                    <key>value</key>
                    <string>2624</string>
                </dict>
            </dict>
            <dict>
                <key>id</key>
                <string>2681</string>
                <key>Asset</key>
                <dict>
                    <key>value</key>
                    <string>2624</string>
                </dict>
            </dict>
            <dict>
                <key>id</key>
                <string>2683</string>
                <key>Asset</key>
                <dict>
                    <key>value</key>
                    <string>2624</string>
                </dict>
            </dict>
            <dict>
                <key>id</key>
                <string>2685</string>
                <key>Asset</key>
                <dict>
                    <key>value</key>
                    <string>2624</string>
                </dict>
            </dict>
            <dict>
                <key>id</key>
                <string>2687</string>
                <key>Asset</key>
                <dict>
                    <key>value</key>
                    <string>2624</string>
                </dict>
            </dict>
            <dict>
                <key>id</key>
                <string>2689</string>
                <key>Asset</key>
                <dict>
                    <key>value</key>
                    <string>2624</string>
                </dict>
            </dict>
            <dict>
                <key>id</key>
                <string>2691</string>
                <key>Asset</key>
                <dict>
                    <key>value</key>
                    <string>2624</string>
                </dict>
            </dict>
            <dict>
                <key>id</key>
                <string>2693</string>
                <key>Asset</key>
                <dict>
                    <key>value</key>
                    <string>2624</string>
                </dict>
            </dict>
            <dict>
                <key>id</key>
                <string>2695</string>
                <key>Asset</key>
                <dict>
                    <key>value</key>
                    <string>2624</string>
                </dict>
            </dict>
            <dict>
                <key>id</key>
                <string>2697</string>
                <key>Asset</key>
                <dict>
                    <key>value</key>
                    <string>2624</string>
                </dict>
            </dict>
            <dict>
                <key>id</key>
                <string>2708</string>
                <key>Asset</key>
                <dict>
                    <key>value</key>
                    <string>2700</string>
                </dict>
            </dict>
            <dict>
                <key>id</key>
                <string>2719</string>
                <key>Asset</key>
                <dict>
                    <key>value</key>
                    <string>2711</string>
                </dict>
            </dict>
            <dict>
                <key>id</key>
                <string>2731</string>
                <key>Asset</key>
                <dict>
                    <key>value</key>
                    <string>2723</string>
                </dict>
            </dict>
            <dict>
                <key>id</key>
                <string>2742</string>
                <key>Asset</key>
                <dict>
                    <key>value</key>
                    <string>2734</string>
                </dict>
            </dict>
            <dict>
                <key>id</key>
                <string>2758</string>
                <key>Asset</key>
                <dict>
                    <key>value</key>
                    <string>2750</string>
                </dict>
                <key>components</key>
                <array>
                    <string>2788</string>
                </array>
            </dict>
            <dict>
                <key>id</key>
                <string>2760</string>
                <key>Asset</key>
                <dict>
                    <key>value</key>
                    <string>2750</string>
                </dict>
                <key>components</key>
                <array>
                    <string>2804</string>
                </array>
            </dict>
            <dict>
                <key>id</key>
                <string>2841</string>
                <key>Asset</key>
                <dict>
                    <key>value</key>
                    <string>2833</string>
                </dict>
            </dict>
            <dict>
                <key>id</key>
                <string>2843</string>
                <key>Asset</key>
                <dict>
                    <key>value</key>
                    <string>2833</string>
                </dict>
            </dict>
            <dict>
                <key>id</key>
                <string>2845</string>
                <key>Asset</key>
                <dict>
                    <key>value</key>
                    <string>2833</string>
                </dict>
            </dict>
            <dict>
                <key>id</key>
                <string>2847</string>
                <key>Asset</key>
                <dict>
                    <key>value</key>
                    <string>2833</string>
                </dict>
            </dict>
            <dict>
                <key>id</key>
                <string>2849</string>
                <key>Asset</key>
                <dict>
                    <key>value</key>
                    <string>2833</string>
                </dict>
            </dict>
            <dict>
                <key>id</key>
                <string>2863</string>
                <key>Asset</key>
                <dict>
                    <key>value</key>
                    <string>2833</string>
                </dict>
            </dict>
            <dict>
                <key>id</key>
                <string>2865</string>
                <key>Asset</key>
                <dict>
                    <key>value</key>
                    <string>2833</string>
                </dict>
            </dict>
            <dict>
                <key>id</key>
                <string>2867</string>
                <key>Asset</key>
                <dict>
                    <key>value</key>
                    <string>2833</string>
                </dict>
            </dict>
            <dict>
                <key>id</key>
                <string>2869</string>
                <key>Asset</key>
                <dict>
                    <key>value</key>
                    <string>2833</string>
                </dict>
            </dict>
            <dict>
                <key>id</key>
                <string>2871</string>
                <key>Asset</key>
                <dict>
                    <key>value</key>
                    <string>2833</string>
                </dict>
            </dict>
            <dict>
                <key>id</key>
                <string>2873</string>
                <key>Asset</key>
                <dict>
                    <key>value</key>
                    <string>2833</string>
                </dict>
            </dict>
            <dict>
                <key>id</key>
                <string>2875</string>
                <key>Asset</key>
                <dict>
                    <key>value</key>
                    <string>2833</string>
                </dict>
            </dict>
            <dict>
                <key>id</key>
                <string>2877</string>
                <key>Asset</key>
                <dict>
                    <key>value</key>
                    <string>2833</string>
                </dict>
            </dict>
            <dict>
                <key>id</key>
                <string>2879</string>
                <key>Asset</key>
                <dict>
                    <key>value</key>
                    <string>2833</string>
                </dict>
            </dict>
            <dict>
                <key>id</key>
                <string>2896</string>
                <key>Asset</key>
                <dict>
                    <key>value</key>
                    <string>2888</string>
                </dict>
            </dict>
            <dict>
                <key>id</key>
                <string>2907</string>
                <key>Asset</key>
                <dict>
                    <key>value</key>
                    <string>2899</string>
                </dict>
            </dict>
            <dict>
                <key>id</key>
                <string>2909</string>
                <key>Asset</key>
                <dict>
                    <key>value</key>
                    <string>2899</string>
                </dict>
            </dict>
            <dict>
                <key>id</key>
                <string>2911</string>
                <key>Asset</key>
                <dict>
                    <key>value</key>
                    <string>2899</string>
                </dict>
            </dict>
            <dict>
                <key>id</key>
                <string>2913</string>
                <key>Asset</key>
                <dict>
                    <key>value</key>
                    <string>2899</string>
                </dict>
            </dict>
            <dict>
                <key>id</key>
                <string>2915</string>
                <key>Asset</key>
                <dict>
                    <key>value</key>
                    <string>2899</string>
                </dict>
            </dict>
            <dict>
                <key>id</key>
                <string>2917</string>
                <key>Asset</key>
                <dict>
                    <key>value</key>
                    <string>2899</string>
                </dict>
            </dict>
            <dict>
                <key>id</key>
                <string>3099</string>
                <key>Asset</key>
                <dict>
                    <key>value</key>
                    <string>3091</string>
                </dict>
            </dict>
            <dict>
                <key>id</key>
                <string>3107</string>
                <key>Asset</key>
                <dict>
                    <key>value</key>
                    <string>3091</string>
                </dict>
            </dict>
            <dict>
                <key>id</key>
                <string>3109</string>
                <key>Asset</key>
                <dict>
                    <key>value</key>
                    <string>3091</string>
                </dict>
            </dict>
            <dict>
                <key>id</key>
                <string>3111</string>
                <key>Asset</key>
                <dict>
                    <key>value</key>
                    <string>3091</string>
                </dict>
            </dict>
            <dict>
                <key>id</key>
                <string>3113</string>
                <key>Asset</key>
                <dict>
                    <key>value</key>
                    <string>3091</string>
                </dict>
            </dict>
            <dict>
                <key>id</key>
                <string>3115</string>
                <key>Asset</key>
                <dict>
                    <key>value</key>
                    <string>3091</string>
                </dict>
            </dict>
            <dict>
                <key>id</key>
                <string>3117</string>
                <key>Asset</key>
                <dict>
                    <key>value</key>
                    <string>3091</string>
                </dict>
            </dict>
            <dict>
                <key>id</key>
                <string>3119</string>
                <key>Asset</key>
                <dict>
                    <key>value</key>
                    <string>3091</string>
                </dict>
            </dict>
            <dict>
                <key>id</key>
                <string>3121</string>
                <key>Asset</key>
                <dict>
                    <key>value</key>
                    <string>3091</string>
                </dict>
            </dict>
            <dict>
                <key>id</key>
                <string>3123</string>
                <key>Asset</key>
                <dict>
                    <key>value</key>
                    <string>3091</string>
                </dict>
            </dict>
            <dict>
                <key>id</key>
                <string>3134</string>
                <key>Asset</key>
                <dict>
                    <key>value</key>
                    <string>3126</string>
                </dict>
            </dict>
            <dict>
                <key>id</key>
                <string>3148</string>
                <key>Asset</key>
                <dict>
                    <key>value</key>
                    <string>3140</string>
                </dict>
            </dict>
            <dict>
                <key>id</key>
                <string>3150</string>
                <key>Asset</key>
                <dict>
                    <key>value</key>
                    <string>3140</string>
                </dict>
            </dict>
            <dict>
                <key>id</key>
                <string>3152</string>
                <key>Asset</key>
                <dict>
                    <key>value</key>
                    <string>3140</string>
                </dict>
            </dict>
            <dict>
                <key>id</key>
                <string>3166</string>
                <key>Asset</key>
                <dict>
                    <key>value</key>
                    <string>3140</string>
                </dict>
            </dict>
            <dict>
                <key>id</key>
                <string>3168</string>
                <key>Asset</key>
                <dict>
                    <key>value</key>
                    <string>3140</string>
                </dict>
            </dict>
            <dict>
                <key>id</key>
                <string>3170</string>
                <key>Asset</key>
                <dict>
                    <key>value</key>
                    <string>3140</string>
                </dict>
            </dict>
            <dict>
                <key>id</key>
                <string>3172</string>
                <key>Asset</key>
                <dict>
                    <key>value</key>
                    <string>3140</string>
                </dict>
            </dict>
            <dict>
                <key>id</key>
                <string>3174</string>
                <key>Asset</key>
                <dict>
                    <key>value</key>
                    <string>3140</string>
                </dict>
            </dict>
            <dict>
                <key>id</key>
                <string>3176</string>
                <key>Asset</key>
                <dict>
                    <key>value</key>
                    <string>3140</string>
                </dict>
            </dict>
            <dict>
                <key>id</key>
                <string>3178</string>
                <key>Asset</key>
                <dict>
                    <key>value</key>
                    <string>3140</string>
                </dict>
            </dict>
            <dict>
                <key>id</key>
                <string>3180</string>
                <key>Asset</key>
                <dict>
                    <key>value</key>
                    <string>3140</string>
                </dict>
            </dict>
            <dict>
                <key>id</key>
                <string>3182</string>
                <key>Asset</key>
                <dict>
                    <key>value</key>
                    <string>3140</string>
                </dict>
            </dict>
            <dict>
                <key>id</key>
                <string>3184</string>
                <key>Asset</key>
                <dict>
                    <key>value</key>
                    <string>3140</string>
                </dict>
            </dict>
            <dict>
                <key>id</key>
                <string>3186</string>
                <key>Asset</key>
                <dict>
                    <key>value</key>
                    <string>3140</string>
                </dict>
            </dict>
            <dict>
                <key>id</key>
                <string>3188</string>
                <key>Asset</key>
                <dict>
                    <key>value</key>
                    <string>3140</string>
                </dict>
            </dict>
            <dict>
                <key>id</key>
                <string>3190</string>
                <key>Asset</key>
                <dict>
                    <key>value</key>
                    <string>3140</string>
                </dict>
            </dict>
            <dict>
                <key>id</key>
                <string>3192</string>
                <key>Asset</key>
                <dict>
                    <key>value</key>
                    <string>3140</string>
                </dict>
            </dict>
            <dict>
                <key>id</key>
                <string>3194</string>
                <key>Asset</key>
                <dict>
                    <key>value</key>
                    <string>3140</string>
                </dict>
            </dict>
            <dict>
                <key>id</key>
                <string>3196</string>
                <key>Asset</key>
                <dict>
                    <key>value</key>
                    <string>3140</string>
                </dict>
            </dict>
            <dict>
                <key>id</key>
                <string>3198</string>
                <key>Asset</key>
                <dict>
                    <key>value</key>
                    <string>3140</string>
                </dict>
            </dict>
            <dict>
                <key>id</key>
                <string>3200</string>
                <key>Asset</key>
                <dict>
                    <key>value</key>
                    <string>3140</string>
                </dict>
            </dict>
            <dict>
                <key>id</key>
                <string>3202</string>
                <key>Asset</key>
                <dict>
                    <key>value</key>
                    <string>3140</string>
                </dict>
            </dict>
            <dict>
                <key>id</key>
                <string>3204</string>
                <key>Asset</key>
                <dict>
                    <key>value</key>
                    <string>3140</string>
                </dict>
            </dict>
            <dict>
                <key>id</key>
                <string>3206</string>
                <key>Asset</key>
                <dict>
                    <key>value</key>
                    <string>3140</string>
                </dict>
            </dict>
            <dict>
                <key>id</key>
                <string>3208</string>
                <key>Asset</key>
                <dict>
                    <key>value</key>
                    <string>3140</string>
                </dict>
            </dict>
            <dict>
                <key>id</key>
                <string>3210</string>
                <key>Asset</key>
                <dict>
                    <key>value</key>
                    <string>3140</string>
                </dict>
            </dict>
            <dict>
                <key>id</key>
                <string>3212</string>
                <key>Asset</key>
                <dict>
                    <key>value</key>
                    <string>3140</string>
                </dict>
            </dict>
            <dict>
                <key>id</key>
                <string>3214</string>
                <key>Asset</key>
                <dict>
                    <key>value</key>
                    <string>3140</string>
                </dict>
            </dict>
            <dict>
                <key>id</key>
                <string>3216</string>
                <key>Asset</key>
                <dict>
                    <key>value</key>
                    <string>3140</string>
                </dict>
            </dict>
            <dict>
                <key>id</key>
                <string>3218</string>
                <key>Asset</key>
                <dict>
                    <key>value</key>
                    <string>3140</string>
                </dict>
            </dict>
            <dict>
                <key>id</key>
                <string>3220</string>
                <key>Asset</key>
                <dict>
                    <key>value</key>
                    <string>3140</string>
                </dict>
            </dict>
            <dict>
                <key>id</key>
                <string>3222</string>
                <key>Asset</key>
                <dict>
                    <key>value</key>
                    <string>3140</string>
                </dict>
            </dict>
            <dict>
                <key>id</key>
                <string>3224</string>
                <key>Asset</key>
                <dict>
                    <key>value</key>
                    <string>3140</string>
                </dict>
            </dict>
            <dict>
                <key>id</key>
                <string>3226</string>
                <key>Asset</key>
                <dict>
                    <key>value</key>
                    <string>3140</string>
                </dict>
            </dict>
            <dict>
                <key>id</key>
                <string>3228</string>
                <key>Asset</key>
                <dict>
                    <key>value</key>
                    <string>3140</string>
                </dict>
            </dict>
            <dict>
                <key>id</key>
                <string>3230</string>
                <key>Asset</key>
                <dict>
                    <key>value</key>
                    <string>3140</string>
                </dict>
            </dict>
            <dict>
                <key>id</key>
                <string>3232</string>
                <key>Asset</key>
                <dict>
                    <key>value</key>
                    <string>3140</string>
                </dict>
            </dict>
            <dict>
                <key>id</key>
                <string>3234</string>
                <key>Asset</key>
                <dict>
                    <key>value</key>
                    <string>3140</string>
                </dict>
            </dict>
            <dict>
                <key>id</key>
                <string>3236</string>
                <key>Asset</key>
                <dict>
                    <key>value</key>
                    <string>3140</string>
                </dict>
            </dict>
            <dict>
                <key>id</key>
                <string>3238</string>
                <key>Asset</key>
                <dict>
                    <key>value</key>
                    <string>3140</string>
                </dict>
            </dict>
            <dict>
                <key>id</key>
                <string>3240</string>
                <key>Asset</key>
                <dict>
                    <key>value</key>
                    <string>3140</string>
                </dict>
            </dict>
            <dict>
                <key>id</key>
                <string>3246</string>
                <key>Asset</key>
                <dict>
                    <key>value</key>
                    <string>3140</string>
                </dict>
            </dict>
            <dict>
                <key>id</key>
                <string>3248</string>
                <key>Asset</key>
                <dict>
                    <key>value</key>
                    <string>3140</string>
                </dict>
            </dict>
            <dict>
                <key>id</key>
                <string>3250</string>
                <key>Asset</key>
                <dict>
                    <key>value</key>
                    <string>3140</string>
                </dict>
            </dict>
            <dict>
                <key>id</key>
                <string>3252</string>
                <key>Asset</key>
                <dict>
                    <key>value</key>
                    <string>3140</string>
                </dict>
            </dict>
            <dict>
                <key>id</key>
                <string>3254</string>
                <key>Asset</key>
                <dict>
                    <key>value</key>
                    <string>3091</string>
                </dict>
            </dict>
            <dict>
                <key>id</key>
                <string>3256</string>
                <key>Asset</key>
                <dict>
                    <key>value</key>
                    <string>3091</string>
                </dict>
            </dict>
            <dict>
                <key>id</key>
                <string>3258</string>
                <key>Asset</key>
                <dict>
                    <key>value</key>
                    <string>3091</string>
                </dict>
            </dict>
            <dict>
                <key>id</key>
                <string>3260</string>
                <key>Asset</key>
                <dict>
                    <key>value</key>
                    <string>3091</string>
                </dict>
            </dict>
            <dict>
                <key>id</key>
                <string>3268</string>
                <key>Asset</key>
                <dict>
                    <key>value</key>
                    <string>3091</string>
                </dict>
            </dict>
            <dict>
                <key>id</key>
                <string>3270</string>
                <key>Asset</key>
                <dict>
                    <key>value</key>
                    <string>3091</string>
                </dict>
            </dict>
            <dict>
                <key>id</key>
                <string>3336</string>
                <key>Asset</key>
                <dict>
                    <key>value</key>
                    <string>3328</string>
                </dict>
            </dict>
            <dict>
                <key>id</key>
                <string>3338</string>
                <key>Asset</key>
                <dict>
                    <key>value</key>
                    <string>3328</string>
                </dict>
            </dict>
            <dict>
                <key>id</key>
                <string>3340</string>
                <key>Asset</key>
                <dict>
                    <key>value</key>
                    <string>3328</string>
                </dict>
            </dict>
            <dict>
                <key>id</key>
                <string>3342</string>
                <key>Asset</key>
                <dict>
                    <key>value</key>
                    <string>3328</string>
                </dict>
            </dict>
            <dict>
                <key>id</key>
                <string>3344</string>
                <key>Asset</key>
                <dict>
                    <key>value</key>
                    <string>3328</string>
                </dict>
            </dict>
            <dict>
                <key>id</key>
                <string>3346</string>
                <key>Asset</key>
                <dict>
                    <key>value</key>
                    <string>3328</string>
                </dict>
            </dict>
            <dict>
                <key>id</key>
                <string>3348</string>
                <key>Asset</key>
                <dict>
                    <key>value</key>
                    <string>3328</string>
                </dict>
            </dict>
            <dict>
                <key>id</key>
                <string>3350</string>
                <key>Asset</key>
                <dict>
                    <key>value</key>
                    <string>3328</string>
                </dict>
            </dict>
            <dict>
                <key>id</key>
                <string>3352</string>
                <key>Asset</key>
                <dict>
                    <key>value</key>
                    <string>3328</string>
                </dict>
            </dict>
            <dict>
                <key>id</key>
                <string>3354</string>
                <key>Asset</key>
                <dict>
                    <key>value</key>
                    <string>3328</string>
                </dict>
            </dict>
            <dict>
                <key>id</key>
                <string>3356</string>
                <key>Asset</key>
                <dict>
                    <key>value</key>
                    <string>3328</string>
                </dict>
            </dict>
            <dict>
                <key>id</key>
                <string>3358</string>
                <key>Asset</key>
                <dict>
                    <key>value</key>
                    <string>3328</string>
                </dict>
            </dict>
            <dict>
                <key>id</key>
                <string>3360</string>
                <key>Asset</key>
                <dict>
                    <key>value</key>
                    <string>3328</string>
                </dict>
            </dict>
            <dict>
                <key>id</key>
                <string>3362</string>
                <key>Asset</key>
                <dict>
                    <key>value</key>
                    <string>3328</string>
                </dict>
            </dict>
            <dict>
                <key>id</key>
                <string>3364</string>
                <key>Asset</key>
                <dict>
                    <key>value</key>
                    <string>3328</string>
                </dict>
            </dict>
            <dict>
                <key>id</key>
                <string>3412</string>
                <key>Asset</key>
                <dict>
                    <key>value</key>
                    <string>3140</string>
                </dict>
            </dict>
            <dict>
                <key>id</key>
                <string>3414</string>
                <key>Asset</key>
                <dict>
                    <key>value</key>
                    <string>3140</string>
                </dict>
            </dict>
            <dict>
                <key>id</key>
                <string>3422</string>
                <key>Asset</key>
                <dict>
                    <key>value</key>
                    <string>3140</string>
                </dict>
            </dict>
            <dict>
                <key>id</key>
                <string>3424</string>
                <key>Asset</key>
                <dict>
                    <key>value</key>
                    <string>3140</string>
                </dict>
            </dict>
            <dict>
                <key>id</key>
                <string>3426</string>
                <key>Asset</key>
                <dict>
                    <key>value</key>
                    <string>3140</string>
                </dict>
            </dict>
            <dict>
                <key>id</key>
                <string>3428</string>
                <key>Asset</key>
                <dict>
                    <key>value</key>
                    <string>3140</string>
                </dict>
            </dict>
            <dict>
                <key>id</key>
                <string>3430</string>
                <key>Asset</key>
                <dict>
                    <key>value</key>
                    <string>3140</string>
                </dict>
            </dict>
            <dict>
                <key>id</key>
                <string>3432</string>
                <key>Asset</key>
                <dict>
                    <key>value</key>
                    <string>3140</string>
                </dict>
            </dict>
            <dict>
                <key>id</key>
                <string>3434</string>
                <key>Asset</key>
                <dict>
                    <key>value</key>
                    <string>3140</string>
                </dict>
            </dict>
            <dict>
                <key>id</key>
                <string>3436</string>
                <key>Asset</key>
                <dict>
                    <key>value</key>
                    <string>3140</string>
                </dict>
            </dict>
            <dict>
                <key>id</key>
                <string>3438</string>
                <key>Asset</key>
                <dict>
                    <key>value</key>
                    <string>3140</string>
                </dict>
            </dict>
            <dict>
                <key>id</key>
                <string>3440</string>
                <key>Asset</key>
                <dict>
                    <key>value</key>
                    <string>3140</string>
                </dict>
            </dict>
            <dict>
                <key>id</key>
                <string>3442</string>
                <key>Asset</key>
                <dict>
                    <key>value</key>
                    <string>3140</string>
                </dict>
            </dict>
            <dict>
                <key>id</key>
                <string>3444</string>
                <key>Asset</key>
                <dict>
                    <key>value</key>
                    <string>3140</string>
                </dict>
            </dict>
            <dict>
                <key>id</key>
                <string>3513</string>
                <key>Asset</key>
                <dict>
                    <key>value</key>
                    <string>3328</string>
                </dict>
            </dict>
            <dict>
                <key>id</key>
                <string>3515</string>
                <key>Asset</key>
                <dict>
                    <key>value</key>
                    <string>3328</string>
                </dict>
            </dict>
            <dict>
                <key>id</key>
                <string>3517</string>
                <key>Asset</key>
                <dict>
                    <key>value</key>
                    <string>3328</string>
                </dict>
            </dict>
            <dict>
                <key>id</key>
                <string>3519</string>
                <key>Asset</key>
                <dict>
                    <key>value</key>
                    <string>3328</string>
                </dict>
            </dict>
            <dict>
                <key>id</key>
                <string>3521</string>
                <key>Asset</key>
                <dict>
                    <key>value</key>
                    <string>3328</string>
                </dict>
            </dict>
            <dict>
                <key>id</key>
                <string>3540</string>
                <key>Asset</key>
                <dict>
                    <key>value</key>
                    <string>3532</string>
                </dict>
            </dict>
            <dict>
                <key>id</key>
                <string>3749</string>
                <key>Asset</key>
                <dict>
                    <key>value</key>
                    <string>2833</string>
                </dict>
            </dict>
            <dict>
                <key>id</key>
                <string>3758</string>
                <key>Asset</key>
                <dict>
                    <key>value</key>
                    <string>2833</string>
                </dict>
            </dict>
            <dict>
                <key>id</key>
                <string>3874</string>
                <key>Asset</key>
                <dict>
                    <key>value</key>
                    <string>2833</string>
                </dict>
            </dict>
            <dict>
                <key>id</key>
                <string>3876</string>
                <key>Asset</key>
                <dict>
                    <key>value</key>
                    <string>2833</string>
                </dict>
            </dict>
            <dict>
                <key>id</key>
                <string>3878</string>
                <key>Asset</key>
                <dict>
                    <key>value</key>
                    <string>2833</string>
                </dict>
            </dict>
            <dict>
                <key>id</key>
                <string>3880</string>
                <key>Asset</key>
                <dict>
                    <key>value</key>
                    <string>2833</string>
                </dict>
            </dict>
            <dict>
                <key>id</key>
                <string>3882</string>
                <key>Asset</key>
                <dict>
                    <key>value</key>
                    <string>2833</string>
                </dict>
            </dict>
            <dict>
                <key>id</key>
                <string>3884</string>
                <key>Asset</key>
                <dict>
                    <key>value</key>
                    <string>2833</string>
                </dict>
            </dict>
            <dict>
                <key>id</key>
                <string>3886</string>
                <key>Asset</key>
                <dict>
                    <key>value</key>
                    <string>2833</string>
                </dict>
            </dict>
            <dict>
                <key>id</key>
                <string>3888</string>
                <key>Asset</key>
                <dict>
                    <key>value</key>
                    <string>2833</string>
                </dict>
            </dict>
            <dict>
                <key>id</key>
                <string>3890</string>
                <key>Asset</key>
                <dict>
                    <key>value</key>
                    <string>2833</string>
                </dict>
            </dict>
            <dict>
                <key>id</key>
                <string>3892</string>
                <key>Asset</key>
                <dict>
                    <key>value</key>
                    <string>2833</string>
                </dict>
            </dict>
            <dict>
                <key>id</key>
                <string>3894</string>
                <key>Asset</key>
                <dict>
                    <key>value</key>
                    <string>2833</string>
                </dict>
            </dict>
            <dict>
                <key>id</key>
                <string>3896</string>
                <key>Asset</key>
                <dict>
                    <key>value</key>
                    <string>2833</string>
                </dict>
            </dict>
            <dict>
                <key>id</key>
                <string>3898</string>
                <key>Asset</key>
                <dict>
                    <key>value</key>
                    <string>2833</string>
                </dict>
            </dict>
            <dict>
                <key>id</key>
                <string>3900</string>
                <key>Asset</key>
                <dict>
                    <key>value</key>
                    <string>2833</string>
                </dict>
            </dict>
            <dict>
                <key>id</key>
                <string>3902</string>
                <key>Asset</key>
                <dict>
                    <key>value</key>
                    <string>2833</string>
                </dict>
            </dict>
            <dict>
                <key>id</key>
                <string>3904</string>
                <key>Asset</key>
                <dict>
                    <key>value</key>
                    <string>2833</string>
                </dict>
            </dict>
            <dict>
                <key>id</key>
                <string>3906</string>
                <key>Asset</key>
                <dict>
                    <key>value</key>
                    <string>2833</string>
                </dict>
            </dict>
            <dict>
                <key>id</key>
                <string>3908</string>
                <key>Asset</key>
                <dict>
                    <key>value</key>
                    <string>2833</string>
                </dict>
            </dict>
            <dict>
                <key>id</key>
                <string>3910</string>
                <key>Asset</key>
                <dict>
                    <key>value</key>
                    <string>2833</string>
                </dict>
            </dict>
            <dict>
                <key>id</key>
                <string>3918</string>
                <key>Asset</key>
                <dict>
                    <key>value</key>
                    <string>2723</string>
                </dict>
            </dict>
            <dict>
                <key>id</key>
                <string>3922</string>
                <key>Asset</key>
                <dict>
                    <key>value</key>
                    <string>2723</string>
                </dict>
                <key>components</key>
                <array>
                    <string>3923</string>
                </array>
            </dict>
            <dict>
                <key>id</key>
                <string>3953</string>
                <key>Asset</key>
                <dict>
                    <key>value</key>
                    <string>3732</string>
                </dict>
            </dict>
            <dict>
                <key>id</key>
                <string>3962</string>
                <key>Asset</key>
                <dict>
                    <key>value</key>
                    <string>3732</string>
                </dict>
            </dict>
            <dict>
                <key>id</key>
                <string>3977</string>
                <key>Asset</key>
                <dict>
                    <key>value</key>
                    <string>3732</string>
                </dict>
                <key>components</key>
                <array>
                    <string>3979</string>
                </array>
            </dict>
            <dict>
                <key>id</key>
                <string>4730</string>
                <key>Asset</key>
                <dict>
                    <key>value</key>
                    <string>4722</string>
                </dict>
            </dict>
            <dict>
                <key>id</key>
                <string>4732</string>
                <key>Asset</key>
                <dict>
                    <key>value</key>
                    <string>4722</string>
                </dict>
            </dict>
            <dict>
                <key>id</key>
                <string>4734</string>
                <key>Asset</key>
                <dict>
                    <key>value</key>
                    <string>4722</string>
                </dict>
            </dict>
            <dict>
                <key>id</key>
                <string>4736</string>
                <key>Asset</key>
                <dict>
                    <key>value</key>
                    <string>4722</string>
                </dict>
            </dict>
            <dict>
                <key>id</key>
                <string>4738</string>
                <key>Asset</key>
                <dict>
                    <key>value</key>
                    <string>4722</string>
                </dict>
            </dict>
            <dict>
                <key>id</key>
                <string>4740</string>
                <key>Asset</key>
                <dict>
                    <key>value</key>
                    <string>4722</string>
                </dict>
            </dict>
            <dict>
                <key>id</key>
                <string>4742</string>
                <key>Asset</key>
                <dict>
                    <key>value</key>
                    <string>4722</string>
                </dict>
            </dict>
            <dict>
                <key>id</key>
                <string>4744</string>
                <key>Asset</key>
                <dict>
                    <key>value</key>
                    <string>4722</string>
                </dict>
            </dict>
            <dict>
                <key>id</key>
                <string>4746</string>
                <key>Asset</key>
                <dict>
                    <key>value</key>
                    <string>4722</string>
                </dict>
            </dict>
            <dict>
                <key>id</key>
                <string>4748</string>
                <key>Asset</key>
                <dict>
                    <key>value</key>
                    <string>4722</string>
                </dict>
            </dict>
            <dict>
                <key>id</key>
                <string>4750</string>
                <key>Asset</key>
                <dict>
                    <key>value</key>
                    <string>4722</string>
                </dict>
            </dict>
            <dict>
                <key>id</key>
                <string>4752</string>
                <key>Asset</key>
                <dict>
                    <key>value</key>
                    <string>4722</string>
                </dict>
            </dict>
            <dict>
                <key>id</key>
                <string>4754</string>
                <key>Asset</key>
                <dict>
                    <key>value</key>
                    <string>4722</string>
                </dict>
            </dict>
            <dict>
                <key>id</key>
                <string>4765</string>
                <key>Asset</key>
                <dict>
                    <key>value</key>
                    <string>4757</string>
                </dict>
            </dict>
            <dict>
                <key>id</key>
                <string>4777</string>
                <key>Asset</key>
                <dict>
                    <key>value</key>
                    <string>4757</string>
                </dict>
            </dict>
            <dict>
                <key>id</key>
                <string>4779</string>
                <key>Asset</key>
                <dict>
                    <key>value</key>
                    <string>4757</string>
                </dict>
            </dict>
            <dict>
                <key>id</key>
                <string>4820</string>
                <key>Asset</key>
                <dict>
                    <key>value</key>
                    <string>4812</string>
                </dict>
            </dict>
            <dict>
                <key>id</key>
                <string>4845</string>
                <key>Asset</key>
                <dict>
                    <key>value</key>
                    <string>4837</string>
                </dict>
            </dict>
            <dict>
                <key>id</key>
                <string>4957</string>
                <key>Asset</key>
                <dict>
                    <key>value</key>
                    <string>4722</string>
                </dict>
            </dict>
            <dict>
                <key>id</key>
                <string>4958</string>
                <key>Asset</key>
                <dict>
                    <key>value</key>
                    <string>4722</string>
                </dict>
            </dict>
            <dict>
                <key>id</key>
                <string>4959</string>
                <key>Asset</key>
                <dict>
                    <key>value</key>
                    <string>4722</string>
                </dict>
            </dict>
            <dict>
                <key>id</key>
                <string>4960</string>
                <key>Asset</key>
                <dict>
                    <key>value</key>
                    <string>4722</string>
                </dict>
            </dict>
            <dict>
                <key>id</key>
                <string>4961</string>
                <key>Asset</key>
                <dict>
                    <key>value</key>
                    <string>4722</string>
                </dict>
            </dict>
            <dict>
                <key>id</key>
                <string>4962</string>
                <key>Asset</key>
                <dict>
                    <key>value</key>
                    <string>4722</string>
                </dict>
            </dict>
            <dict>
                <key>id</key>
                <string>4963</string>
                <key>Asset</key>
                <dict>
                    <key>value</key>
                    <string>4891</string>
                </dict>
            </dict>
            <dict>
                <key>id</key>
                <string>4964</string>
                <key>Asset</key>
                <dict>
                    <key>value</key>
                    <string>4891</string>
                </dict>
            </dict>
            <dict>
                <key>id</key>
                <string>4965</string>
                <key>Asset</key>
                <dict>
                    <key>value</key>
                    <string>4891</string>
                </dict>
            </dict>
            <dict>
                <key>id</key>
                <string>4966</string>
                <key>Asset</key>
                <dict>
                    <key>value</key>
                    <string>4891</string>
                </dict>
            </dict>
            <dict>
                <key>id</key>
                <string>4967</string>
                <key>Asset</key>
                <dict>
                    <key>value</key>
                    <string>4891</string>
                </dict>
            </dict>
            <dict>
                <key>id</key>
                <string>4968</string>
                <key>Asset</key>
                <dict>
                    <key>value</key>
                    <string>4891</string>
                </dict>
            </dict>
            <dict>
                <key>id</key>
                <string>4969</string>
                <key>Asset</key>
                <dict>
                    <key>value</key>
                    <string>4891</string>
                </dict>
            </dict>
            <dict>
                <key>id</key>
                <string>4970</string>
                <key>Asset</key>
                <dict>
                    <key>value</key>
                    <string>4932</string>
                </dict>
                <key>components</key>
                <array>
                    <string>5001</string>
                </array>
            </dict>
            <dict>
                <key>id</key>
                <string>4972</string>
                <key>Asset</key>
                <dict>
                    <key>value</key>
                    <string>4946</string>
                </dict>
                <key>components</key>
                <array>
                    <string>4973</string>
                </array>
            </dict>
            <dict>
                <key>id</key>
                <string>4976</string>
                <key>Asset</key>
                <dict>
                    <key>value</key>
                    <string>4946</string>
                </dict>
                <key>components</key>
                <array>
                    <string>4977</string>
                </array>
            </dict>
            <dict>
                <key>id</key>
                <string>4980</string>
                <key>Asset</key>
                <dict>
                    <key>value</key>
                    <string>4946</string>
                </dict>
                <key>components</key>
                <array>
                    <string>4981</string>
                </array>
            </dict>
            <dict>
                <key>id</key>
                <string>4984</string>
                <key>Asset</key>
                <dict>
                    <key>value</key>
                    <string>4946</string>
                </dict>
                <key>components</key>
                <array>
                    <string>4985</string>
                </array>
            </dict>
            <dict>
                <key>id</key>
                <string>4988</string>
                <key>Asset</key>
                <dict>
                    <key>value</key>
                    <string>4946</string>
                </dict>
                <key>components</key>
                <array>
                    <string>4989</string>
                </array>
            </dict>
            <dict>
                <key>id</key>
                <string>4992</string>
                <key>Asset</key>
                <dict>
                    <key>value</key>
                    <string>4946</string>
                </dict>
                <key>components</key>
                <array>
                    <string>4993</string>
                </array>
            </dict>
            <dict>
                <key>id</key>
                <string>5031</string>
                <key>Asset</key>
                <dict>
                    <key>value</key>
                    <string>4722</string>
                </dict>
            </dict>
            <dict>
                <key>id</key>
                <string>5045</string>
                <key>Asset</key>
                <dict>
                    <key>value</key>
                    <string>4722</string>
                </dict>
            </dict>
            <dict>
                <key>id</key>
                <string>5047</string>
                <key>Asset</key>
                <dict>
                    <key>value</key>
                    <string>4722</string>
                </dict>
            </dict>
            <dict>
                <key>id</key>
                <string>5063</string>
                <key>Asset</key>
                <dict>
                    <key>value</key>
                    <string>4722</string>
                </dict>
            </dict>
            <dict>
                <key>id</key>
                <string>5065</string>
                <key>Asset</key>
                <dict>
                    <key>value</key>
                    <string>4722</string>
                </dict>
            </dict>
            <dict>
                <key>id</key>
                <string>5067</string>
                <key>Asset</key>
                <dict>
                    <key>value</key>
                    <string>4722</string>
                </dict>
            </dict>
            <dict>
                <key>id</key>
                <string>5077</string>
                <key>Asset</key>
                <dict>
                    <key>value</key>
                    <string>3091</string>
                </dict>
            </dict>
            <dict>
                <key>id</key>
                <string>5080</string>
                <key>Asset</key>
                <dict>
                    <key>value</key>
                    <string>3126</string>
                </dict>
            </dict>
            <dict>
                <key>id</key>
                <string>5091</string>
                <key>Asset</key>
                <dict>
                    <key>value</key>
                    <string>5083</string>
                </dict>
            </dict>
            <dict>
                <key>id</key>
                <string>5093</string>
                <key>Asset</key>
                <dict>
                    <key>value</key>
                    <string>5083</string>
                </dict>
            </dict>
            <dict>
                <key>id</key>
                <string>5095</string>
                <key>Asset</key>
                <dict>
                    <key>value</key>
                    <string>5083</string>
                </dict>
            </dict>
            <dict>
                <key>id</key>
                <string>5097</string>
                <key>Asset</key>
                <dict>
                    <key>value</key>
                    <string>5083</string>
                </dict>
            </dict>
            <dict>
                <key>id</key>
                <string>5099</string>
                <key>Asset</key>
                <dict>
                    <key>value</key>
                    <string>5083</string>
                </dict>
            </dict>
            <dict>
                <key>id</key>
                <string>5101</string>
                <key>Asset</key>
                <dict>
                    <key>value</key>
                    <string>5083</string>
                </dict>
            </dict>
            <dict>
                <key>id</key>
                <string>5103</string>
                <key>Asset</key>
                <dict>
                    <key>value</key>
                    <string>5083</string>
                </dict>
            </dict>
            <dict>
                <key>id</key>
                <string>5105</string>
                <key>Asset</key>
                <dict>
                    <key>value</key>
                    <string>5083</string>
                </dict>
            </dict>
            <dict>
                <key>id</key>
                <string>5107</string>
                <key>Asset</key>
                <dict>
                    <key>value</key>
                    <string>5083</string>
                </dict>
            </dict>
            <dict>
                <key>id</key>
                <string>5193</string>
                <key>Asset</key>
                <dict>
                    <key>value</key>
                    <string>4722</string>
                </dict>
            </dict>
            <dict>
                <key>id</key>
                <string>5195</string>
                <key>Asset</key>
                <dict>
                    <key>value</key>
                    <string>4722</string>
                </dict>
            </dict>
            <dict>
                <key>id</key>
                <string>5197</string>
                <key>Asset</key>
                <dict>
                    <key>value</key>
                    <string>4722</string>
                </dict>
            </dict>
            <dict>
                <key>id</key>
                <string>5199</string>
                <key>Asset</key>
                <dict>
                    <key>value</key>
                    <string>4722</string>
                </dict>
            </dict>
            <dict>
                <key>id</key>
                <string>5201</string>
                <key>Asset</key>
                <dict>
                    <key>value</key>
                    <string>4722</string>
                </dict>
            </dict>
            <dict>
                <key>id</key>
                <string>5203</string>
                <key>Asset</key>
                <dict>
                    <key>value</key>
                    <string>4722</string>
                </dict>
            </dict>
            <dict>
                <key>id</key>
                <string>5205</string>
                <key>Asset</key>
                <dict>
                    <key>value</key>
                    <string>4722</string>
                </dict>
            </dict>
            <dict>
                <key>id</key>
                <string>5207</string>
                <key>Asset</key>
                <dict>
                    <key>value</key>
                    <string>4722</string>
                </dict>
            </dict>
            <dict>
                <key>id</key>
                <string>5209</string>
                <key>Asset</key>
                <dict>
                    <key>value</key>
                    <string>4722</string>
                </dict>
            </dict>
            <dict>
                <key>id</key>
                <string>5211</string>
                <key>Asset</key>
                <dict>
                    <key>value</key>
                    <string>4722</string>
                </dict>
            </dict>
            <dict>
                <key>id</key>
                <string>5213</string>
                <key>Asset</key>
                <dict>
                    <key>value</key>
                    <string>4722</string>
                </dict>
            </dict>
            <dict>
                <key>id</key>
                <string>5215</string>
                <key>Asset</key>
                <dict>
                    <key>value</key>
                    <string>4722</string>
                </dict>
            </dict>
            <dict>
                <key>id</key>
                <string>5217</string>
                <key>Asset</key>
                <dict>
                    <key>value</key>
                    <string>4722</string>
                </dict>
            </dict>
            <dict>
                <key>id</key>
                <string>5219</string>
                <key>Asset</key>
                <dict>
                    <key>value</key>
                    <string>4722</string>
                </dict>
            </dict>
            <dict>
                <key>id</key>
                <string>5230</string>
                <key>Asset</key>
                <dict>
                    <key>value</key>
                    <string>5222</string>
                </dict>
            </dict>
            <dict>
                <key>id</key>
                <string>5232</string>
                <key>Asset</key>
                <dict>
                    <key>value</key>
                    <string>5222</string>
                </dict>
            </dict>
            <dict>
                <key>id</key>
                <string>5252</string>
                <key>Asset</key>
                <dict>
                    <key>value</key>
                    <string>5222</string>
                </dict>
            </dict>
            <dict>
                <key>id</key>
                <string>5264</string>
                <key>Asset</key>
                <dict>
                    <key>value</key>
                    <string>5222</string>
                </dict>
            </dict>
            <dict>
                <key>id</key>
                <string>5266</string>
                <key>Asset</key>
                <dict>
                    <key>value</key>
                    <string>5222</string>
                </dict>
            </dict>
            <dict>
                <key>id</key>
                <string>5268</string>
                <key>Asset</key>
                <dict>
                    <key>value</key>
                    <string>5222</string>
                </dict>
            </dict>
            <dict>
                <key>id</key>
                <string>5285</string>
                <key>Asset</key>
                <dict>
                    <key>value</key>
                    <string>5222</string>
                </dict>
            </dict>
            <dict>
                <key>id</key>
                <string>5287</string>
                <key>Asset</key>
                <dict>
                    <key>value</key>
                    <string>5222</string>
                </dict>
            </dict>
            <dict>
                <key>id</key>
                <string>5291</string>
                <key>Asset</key>
                <dict>
                    <key>value</key>
                    <string>5222</string>
                </dict>
            </dict>
            <dict>
                <key>id</key>
                <string>5293</string>
                <key>Asset</key>
                <dict>
                    <key>value</key>
                    <string>5222</string>
                </dict>
            </dict>
            <dict>
                <key>id</key>
                <string>5295</string>
                <key>Asset</key>
                <dict>
                    <key>value</key>
                    <string>5222</string>
                </dict>
            </dict>
            <dict>
                <key>id</key>
                <string>5297</string>
                <key>Asset</key>
                <dict>
                    <key>value</key>
                    <string>5222</string>
                </dict>
            </dict>
            <dict>
                <key>id</key>
                <string>5318</string>
                <key>Asset</key>
                <dict>
                    <key>value</key>
                    <string>5222</string>
                </dict>
            </dict>
            <dict>
                <key>id</key>
                <string>5521</string>
                <key>Asset</key>
                <dict>
                    <key>value</key>
                    <string>5513</string>
                </dict>
            </dict>
            <dict>
                <key>id</key>
                <string>5543</string>
                <key>Asset</key>
                <dict>
                    <key>value</key>
                    <string>5222</string>
                </dict>
            </dict>
            <dict>
                <key>id</key>
                <string>5545</string>
                <key>Asset</key>
                <dict>
                    <key>value</key>
                    <string>5222</string>
                </dict>
            </dict>
            <dict>
                <key>id</key>
                <string>5547</string>
                <key>Asset</key>
                <dict>
                    <key>value</key>
                    <string>5222</string>
                </dict>
            </dict>
            <dict>
                <key>id</key>
                <string>5583</string>
                <key>Asset</key>
                <dict>
                    <key>value</key>
                    <string>5222</string>
                </dict>
            </dict>
            <dict>
                <key>id</key>
                <string>5585</string>
                <key>Asset</key>
                <dict>
                    <key>value</key>
                    <string>5222</string>
                </dict>
            </dict>
            <dict>
                <key>id</key>
                <string>5587</string>
                <key>Asset</key>
                <dict>
                    <key>value</key>
                    <string>5222</string>
                </dict>
            </dict>
            <dict>
                <key>id</key>
                <string>5589</string>
                <key>Asset</key>
                <dict>
                    <key>value</key>
                    <string>5222</string>
                </dict>
            </dict>
            <dict>
                <key>id</key>
                <string>5591</string>
                <key>Asset</key>
                <dict>
                    <key>value</key>
                    <string>5222</string>
                </dict>
            </dict>
            <dict>
                <key>id</key>
                <string>5602</string>
                <key>Asset</key>
                <dict>
                    <key>value</key>
                    <string>5222</string>
                </dict>
            </dict>
            <dict>
                <key>id</key>
                <string>5604</string>
                <key>Asset</key>
                <dict>
                    <key>value</key>
                    <string>5222</string>
                </dict>
            </dict>
            <dict>
                <key>id</key>
                <string>5606</string>
                <key>Asset</key>
                <dict>
                    <key>value</key>
                    <string>5222</string>
                </dict>
            </dict>
            <dict>
                <key>id</key>
                <string>5608</string>
                <key>Asset</key>
                <dict>
                    <key>value</key>
                    <string>5222</string>
                </dict>
            </dict>
        </array>
    </dict>
</plist>
