<?xml version="1.0" encoding="UTF-8"?>
<!DOCTYPE plist PUBLIC "-//Apple//DTD PLIST 1.0//EN" "http://www.apple.com/DTDs/PropertyList-1.0.dtd"/>

<plist version="1.0">
    <dict>
        <key>ROOT</key>
        <array>
            <dict>
                <key>id</key>
                <string>114</string>
                <key>Image</key>
                <dict>
                    <key>value</key>
                    <string>109</string>
                </dict>
            </dict>
            <dict>
                <key>id</key>
                <string>155</string>
                <key>Image</key>
                <dict>
                    <key>value</key>
                    <string>150</string>
                </dict>
            </dict>
            <dict>
                <key>id</key>
                <string>346</string>
                <key>Image</key>
                <dict>
                    <key>value</key>
                    <string>341</string>
                </dict>
            </dict>
            <dict>
                <key>id</key>
                <string>447</string>
                <key>Image</key>
                <dict>
                    <key>value</key>
                    <string>441</string>
                </dict>
            </dict>
            <dict>
                <key>id</key>
                <string>1571</string>
                <key>Image</key>
                <dict>
                    <key>value</key>
                    <string>1572</string>
                </dict>
            </dict>
            <dict>
                <key>id</key>
                <string>1579</string>
                <key>Image</key>
                <dict>
                    <key>value</key>
                    <string>1572</string>
                </dict>
            </dict>
            <dict>
                <key>id</key>
                <string>1602</string>
                <key>Image</key>
                <dict>
                    <key>value</key>
                    <string>1572</string>
                </dict>
            </dict>
            <dict>
                <key>id</key>
                <string>1605</string>
                <key>Image</key>
                <dict>
                    <key>value</key>
                    <string>1603</string>
                </dict>
            </dict>
            <dict>
                <key>id</key>
                <string>1647</string>
                <key>Image</key>
                <dict>
                    <key>value</key>
                    <string>1572</string>
                </dict>
            </dict>
            <dict>
                <key>id</key>
                <string>1684</string>
                <key>Image</key>
                <dict>
                    <key>value</key>
                    <string>1679</string>
                </dict>
            </dict>
            <dict>
                <key>id</key>
                <string>1715</string>
                <key>Image</key>
                <dict>
                    <key>value</key>
                    <string>1710</string>
                </dict>
            </dict>
            <dict>
                <key>id</key>
                <string>1727</string>
                <key>Image</key>
                <dict>
                    <key>value</key>
                    <string>1722</string>
                </dict>
            </dict>
            <dict>
                <key>id</key>
                <string>1738</string>
                <key>Image</key>
                <dict>
                    <key>value</key>
                    <string>1733</string>
                </dict>
            </dict>
            <dict>
                <key>id</key>
                <string>1749</string>
                <key>Image</key>
                <dict>
                    <key>value</key>
                    <string>1744</string>
                </dict>
            </dict>
            <dict>
                <key>id</key>
                <string>1760</string>
                <key>Image</key>
                <dict>
                    <key>value</key>
                    <string>1755</string>
                </dict>
            </dict>
            <dict>
                <key>id</key>
                <string>1794</string>
                <key>Image</key>
                <dict>
                    <key>value</key>
                    <string>1767</string>
                </dict>
            </dict>
            <dict>
                <key>id</key>
                <string>1841</string>
                <key>Image</key>
                <dict>
                    <key>value</key>
                    <string>1797</string>
                </dict>
            </dict>
            <dict>
                <key>id</key>
                <string>1852</string>
                <key>Image</key>
                <dict>
                    <key>value</key>
                    <string>1847</string>
                </dict>
            </dict>
            <dict>
                <key>id</key>
                <string>1879</string>
                <key>Image</key>
                <dict>
                    <key>value</key>
                    <string>1874</string>
                </dict>
            </dict>
            <dict>
                <key>id</key>
                <string>1895</string>
                <key>Image</key>
                <dict>
                    <key>value</key>
                    <string>1890</string>
                </dict>
            </dict>
            <dict>
                <key>id</key>
                <string>1907</string>
                <key>Image</key>
                <dict>
                    <key>value</key>
                    <string>1902</string>
                </dict>
            </dict>
            <dict>
                <key>id</key>
                <string>1918</string>
                <key>Image</key>
                <dict>
                    <key>value</key>
                    <string>1913</string>
                </dict>
            </dict>
            <dict>
                <key>id</key>
                <string>1940</string>
                <key>Image</key>
                <dict>
                    <key>value</key>
                    <string>1935</string>
                </dict>
            </dict>
            <dict>
                <key>id</key>
                <string>1952</string>
                <key>Image</key>
                <dict>
                    <key>value</key>
                    <string>1947</string>
                </dict>
            </dict>
            <dict>
                <key>id</key>
                <string>1978</string>
                <key>Image</key>
                <dict>
                    <key>value</key>
                    <string>1973</string>
                </dict>
            </dict>
            <dict>
                <key>id</key>
                <string>1987</string>
                <key>Image</key>
                <dict>
                    <key>value</key>
                    <string>1982</string>
                </dict>
            </dict>
            <dict>
                <key>id</key>
                <string>1996</string>
                <key>Image</key>
                <dict>
                    <key>value</key>
                    <string>1991</string>
                </dict>
            </dict>
            <dict>
                <key>id</key>
                <string>2006</string>
                <key>Image</key>
                <dict>
                    <key>value</key>
                    <string>2001</string>
                </dict>
            </dict>
            <dict>
                <key>id</key>
                <string>2015</string>
                <key>Image</key>
                <dict>
                    <key>value</key>
                    <string>2010</string>
                </dict>
            </dict>
            <dict>
                <key>id</key>
                <string>2028</string>
                <key>Image</key>
                <dict>
                    <key>value</key>
                    <string>2023</string>
                </dict>
            </dict>
            <dict>
                <key>id</key>
                <string>2070</string>
                <key>Image</key>
                <dict>
                    <key>value</key>
                    <string>2042</string>
                </dict>
            </dict>
            <dict>
                <key>id</key>
                <string>2117</string>
                <key>Image</key>
                <dict>
                    <key>value</key>
                    <string>2073</string>
                </dict>
            </dict>
            <dict>
                <key>id</key>
                <string>2163</string>
                <key>Image</key>
                <dict>
                    <key>value</key>
                    <string>2120</string>
                </dict>
            </dict>
            <dict>
                <key>id</key>
                <string>2185</string>
                <key>Image</key>
                <dict>
                    <key>value</key>
                    <string>2180</string>
                </dict>
            </dict>
            <dict>
                <key>id</key>
                <string>2199</string>
                <key>Image</key>
                <dict>
                    <key>value</key>
                    <string>2194</string>
                </dict>
            </dict>
            <dict>
                <key>id</key>
                <string>2211</string>
                <key>Image</key>
                <dict>
                    <key>value</key>
                    <string>2206</string>
                </dict>
            </dict>
            <dict>
                <key>id</key>
                <string>2223</string>
                <key>Image</key>
                <dict>
                    <key>value</key>
                    <string>2218</string>
                </dict>
            </dict>
            <dict>
                <key>id</key>
                <string>2234</string>
                <key>Image</key>
                <dict>
                    <key>value</key>
                    <string>2229</string>
                </dict>
            </dict>
            <dict>
                <key>id</key>
                <string>2274</string>
                <key>Image</key>
                <dict>
                    <key>value</key>
                    <string>2269</string>
                </dict>
            </dict>
            <dict>
                <key>id</key>
                <string>2285</string>
                <key>Image</key>
                <dict>
                    <key>value</key>
                    <string>2280</string>
                </dict>
            </dict>
            <dict>
                <key>id</key>
                <string>2297</string>
                <key>Image</key>
                <dict>
                    <key>value</key>
                    <string>2292</string>
                </dict>
            </dict>
            <dict>
                <key>id</key>
                <string>2309</string>
                <key>Image</key>
                <dict>
                    <key>value</key>
                    <string>2304</string>
                </dict>
            </dict>
            <dict>
                <key>id</key>
                <string>2356</string>
                <key>Image</key>
                <dict>
                    <key>value</key>
                    <string>2351</string>
                </dict>
            </dict>
            <dict>
                <key>id</key>
                <string>2458</string>
                <key>Image</key>
                <dict>
                    <key>value</key>
                    <string>2453</string>
                </dict>
            </dict>
            <dict>
                <key>id</key>
                <string>2510</string>
                <key>Image</key>
                <dict>
                    <key>value</key>
                    <string>2505</string>
                </dict>
            </dict>
            <dict>
                <key>id</key>
                <string>2561</string>
                <key>Image</key>
                <dict>
                    <key>value</key>
                    <string>2556</string>
                </dict>
            </dict>
            <dict>
                <key>id</key>
                <string>2592</string>
                <key>Image</key>
                <dict>
                    <key>value</key>
                    <string>2587</string>
                </dict>
            </dict>
            <dict>
                <key>id</key>
                <string>2611</string>
                <key>Image</key>
                <dict>
                    <key>value</key>
                    <string>2606</string>
                </dict>
            </dict>
            <dict>
                <key>id</key>
                <string>2627</string>
                <key>Image</key>
                <dict>
                    <key>value</key>
                    <string>2622</string>
                </dict>
            </dict>
            <dict>
                <key>id</key>
                <string>2703</string>
                <key>Image</key>
                <dict>
                    <key>value</key>
                    <string>2698</string>
                </dict>
            </dict>
            <dict>
                <key>id</key>
                <string>2714</string>
                <key>Image</key>
                <dict>
                    <key>value</key>
                    <string>2709</string>
                </dict>
            </dict>
            <dict>
                <key>id</key>
                <string>2726</string>
                <key>Image</key>
                <dict>
                    <key>value</key>
                    <string>2720</string>
                </dict>
            </dict>
            <dict>
                <key>id</key>
                <string>2737</string>
                <key>Image</key>
                <dict>
                    <key>value</key>
                    <string>2732</string>
                </dict>
            </dict>
            <dict>
                <key>id</key>
                <string>2753</string>
                <key>Image</key>
                <dict>
                    <key>value</key>
                    <string>2748</string>
                </dict>
            </dict>
            <dict>
                <key>id</key>
                <string>2836</string>
                <key>Image</key>
                <dict>
                    <key>value</key>
                    <string>2831</string>
                </dict>
            </dict>
            <dict>
                <key>id</key>
                <string>2891</string>
                <key>Image</key>
                <dict>
                    <key>value</key>
                    <string>2886</string>
                </dict>
            </dict>
            <dict>
                <key>id</key>
                <string>2902</string>
                <key>Image</key>
                <dict>
                    <key>value</key>
                    <string>2897</string>
                </dict>
            </dict>
            <dict>
                <key>id</key>
                <string>2923</string>
                <key>Image</key>
                <dict>
                    <key>value</key>
                    <string>2918</string>
                </dict>
            </dict>
            <dict>
                <key>id</key>
                <string>3082</string>
                <key>Image</key>
                <dict>
                    <key>value</key>
                    <string>3077</string>
                </dict>
            </dict>
            <dict>
                <key>id</key>
                <string>3094</string>
                <key>Image</key>
                <dict>
                    <key>value</key>
                    <string>3089</string>
                </dict>
            </dict>
            <dict>
                <key>id</key>
                <string>3129</string>
                <key>Image</key>
                <dict>
                    <key>value</key>
                    <string>3124</string>
                </dict>
            </dict>
            <dict>
                <key>id</key>
                <string>3143</string>
                <key>Image</key>
                <dict>
                    <key>value</key>
                    <string>3138</string>
                </dict>
            </dict>
            <dict>
                <key>id</key>
                <string>3331</string>
                <key>Image</key>
                <dict>
                    <key>value</key>
                    <string>3326</string>
                </dict>
            </dict>
            <dict>
                <key>id</key>
                <string>3535</string>
                <key>Image</key>
                <dict>
                    <key>value</key>
                    <string>3530</string>
                </dict>
            </dict>
            <dict>
                <key>id</key>
                <string>3686</string>
                <key>Image</key>
                <dict>
                    <key>value</key>
                    <string>3681</string>
                </dict>
            </dict>
            <dict>
                <key>id</key>
                <string>3710</string>
                <key>Image</key>
                <dict>
                    <key>value</key>
                    <string>3705</string>
                </dict>
            </dict>
            <dict>
                <key>id</key>
                <string>3723</string>
                <key>Image</key>
                <dict>
                    <key>value</key>
                    <string>3718</string>
                </dict>
            </dict>
            <dict>
                <key>id</key>
                <string>3735</string>
                <key>Image</key>
                <dict>
                    <key>value</key>
                    <string>3730</string>
                </dict>
            </dict>
            <dict>
                <key>id</key>
                <string>3986</string>
                <key>Image</key>
                <dict>
                    <key>value</key>
                    <string>3981</string>
                </dict>
            </dict>
            <dict>
                <key>id</key>
                <string>4062</string>
                <key>Image</key>
                <dict>
                    <key>value</key>
                    <string>4052</string>
                </dict>
            </dict>
            <dict>
                <key>id</key>
                <string>4335</string>
                <key>Image</key>
                <dict>
                    <key>value</key>
                    <string>4331</string>
                </dict>
            </dict>
            <dict>
                <key>id</key>
                <string>4378</string>
                <key>Image</key>
                <dict>
                    <key>value</key>
                    <string>4374</string>
                </dict>
            </dict>
            <dict>
                <key>id</key>
                <string>4384</string>
                <key>Image</key>
                <dict>
                    <key>value</key>
                    <string>4380</string>
                </dict>
            </dict>
            <dict>
                <key>id</key>
                <string>4389</string>
                <key>Image</key>
                <dict>
                    <key>value</key>
                    <string>4385</string>
                </dict>
            </dict>
            <dict>
                <key>id</key>
                <string>4396</string>
                <key>Image</key>
                <dict>
                    <key>value</key>
                    <string>4392</string>
                </dict>
            </dict>
            <dict>
                <key>id</key>
                <string>4401</string>
                <key>Image</key>
                <dict>
                    <key>value</key>
                    <string>4397</string>
                </dict>
            </dict>
            <dict>
                <key>id</key>
                <string>4406</string>
                <key>Image</key>
                <dict>
                    <key>value</key>
                    <string>4402</string>
                </dict>
            </dict>
            <dict>
                <key>id</key>
                <string>4428</string>
                <key>Image</key>
                <dict>
                    <key>value</key>
                    <string>4424</string>
                </dict>
            </dict>
            <dict>
                <key>id</key>
                <string>4456</string>
                <key>Image</key>
                <dict>
                    <key>value</key>
                    <string>4452</string>
                </dict>
            </dict>
            <dict>
                <key>id</key>
                <string>4480</string>
                <key>Image</key>
                <dict>
                    <key>value</key>
                    <string>4476</string>
                </dict>
            </dict>
            <dict>
                <key>id</key>
                <string>4608</string>
                <key>Image</key>
                <dict>
                    <key>value</key>
                    <string>4603</string>
                </dict>
            </dict>
            <dict>
                <key>id</key>
                <string>4670</string>
                <key>Image</key>
                <dict>
                    <key>value</key>
                    <string>4665</string>
                </dict>
            </dict>
            <dict>
                <key>id</key>
                <string>4725</string>
                <key>Image</key>
                <dict>
                    <key>value</key>
                    <string>4720</string>
                </dict>
            </dict>
            <dict>
                <key>id</key>
                <string>4760</string>
                <key>Image</key>
                <dict>
                    <key>value</key>
                    <string>4755</string>
                </dict>
            </dict>
            <dict>
                <key>id</key>
                <string>4815</string>
                <key>Image</key>
                <dict>
                    <key>value</key>
                    <string>4810</string>
                </dict>
            </dict>
            <dict>
                <key>id</key>
                <string>4826</string>
                <key>Image</key>
                <dict>
                    <key>value</key>
                    <string>4821</string>
                </dict>
            </dict>
            <dict>
                <key>id</key>
                <string>4840</string>
                <key>Image</key>
                <dict>
                    <key>value</key>
                    <string>4835</string>
                </dict>
            </dict>
            <dict>
                <key>id</key>
                <string>4894</string>
                <key>Image</key>
                <dict>
                    <key>value</key>
                    <string>4889</string>
                </dict>
            </dict>
            <dict>
                <key>id</key>
                <string>4935</string>
                <key>Image</key>
                <dict>
                    <key>value</key>
                    <string>4930</string>
                </dict>
            </dict>
            <dict>
                <key>id</key>
                <string>4949</string>
                <key>Image</key>
                <dict>
                    <key>value</key>
                    <string>4944</string>
                </dict>
            </dict>
            <dict>
                <key>id</key>
                <string>5086</string>
                <key>Image</key>
                <dict>
                    <key>value</key>
                    <string>5081</string>
                </dict>
            </dict>
            <dict>
                <key>id</key>
                <string>5147</string>
                <key>Image</key>
                <dict>
                    <key>value</key>
                    <string>5142</string>
                </dict>
            </dict>
            <dict>
                <key>id</key>
                <string>5181</string>
                <key>Image</key>
                <dict>
                    <key>value</key>
                    <string>5176</string>
                </dict>
            </dict>
            <dict>
                <key>id</key>
                <string>5225</string>
                <key>Image</key>
                <dict>
                    <key>value</key>
                    <string>5220</string>
                </dict>
            </dict>
            <dict>
                <key>id</key>
                <string>5454</string>
                <key>Image</key>
                <dict>
                    <key>value</key>
                    <string>5449</string>
                </dict>
            </dict>
            <dict>
                <key>id</key>
                <string>5516</string>
                <key>Image</key>
                <dict>
                    <key>value</key>
                    <string>5511</string>
                </dict>
            </dict>
        </array>
    </dict>
</plist>
