<?xml version="1.0" encoding="UTF-8"?>
<!DOCTYPE plist PUBLIC "-//Apple//DTD PLIST 1.0//EN" "http://www.apple.com/DTDs/PropertyList-1.0.dtd"/>

<plist version="1.0">
    <dict>
        <key>ROOT</key>
        <array>
            <dict>
                <key>id</key>
                <string>2025</string>
                <key>className</key>
                <string>PTModelAssetCharacter</string>
                <key>Name</key>
                <dict>
                    <key>value</key>
                    <string>Idle (11)</string>
                </dict>
                <key>Collision Shape</key>
                <dict>
                    <key>id</key>
                    <string>2026</string>
                    <key>className</key>
                    <string>PTModelPolygon</string>
                    <key>Name</key>
                    <dict>
                        <key>value</key>
                        <string></string>
                    </dict>
                    <key>points</key>
                    <array>
                        <string>{115.187500,116.875000}</string>
                        <string>{160.375000,-212.250000}</string>
                        <string>{-68.500000,-105.000000}</string>
                        <string>{-61.000000,112.000000}</string>
                    </array>
                    <key>oneWayCollisionVector</key>
                    <string>{0.000000,0.000000}</string>
                    <key>shapeType</key>
                    <string>1</string>
                </dict>
                <key>Game Over Delay</key>
                <dict>
                    <key>value</key>
                    <string>2.000000</string>
                </dict>
                <key>Camera Shake</key>
                <dict>
                    <key>value</key>
                    <string>1.000000</string>
                </dict>
                <key>Camera Flash</key>
                <dict>
                    <key>value</key>
                    <string>2.000000</string>
                </dict>
                <key>Purchase Method</key>
                <dict>
                    <key>selectedStringValue</key>
                    <string>kFree</string>
                </dict>
                <key>Price</key>
                <dict>
                    <key>visible</key>
                    <string>0</string>
                </dict>
                <key>Store Identifier</key>
                <dict>
                    <key>visible</key>
                    <string>0</string>
                    <key>value</key>
                    <string></string>
                </dict>
                <key>Ad Network</key>
                <dict>
                    <key>visible</key>
                    <string>0</string>
                    <key>selectedStringValue</key>
                    <string>kHeyzap</string>
                </dict>
            </dict>
        </array>
    </dict>
</plist>
