<?xml version="1.0" encoding="UTF-8"?>
<!DOCTYPE plist PUBLIC "-//Apple//DTD PLIST 1.0//EN" "http://www.apple.com/DTDs/PropertyList-1.0.dtd"/>

<plist version="1.0">
    <dict>
        <key>ROOT</key>
        <array>
            <dict>
                <key>id</key>
                <string>3040</string>
                <key>className</key>
                <string>PTModelObjectAssetMirror</string>
                <key>Name</key>
                <dict>
                    <key>value</key>
                    <string>Mirror</string>
                </dict>
                <key>Position</key>
                <dict>
                    <key>value</key>
                    <string>{367.929,85.327}</string>
                    <key>animationsX</key>
                    <array/>
                    <key>animationsY</key>
                    <array/>
                </dict>
                <key>Rotation</key>
                <dict>
                    <key>animations</key>
                    <array/>
                </dict>
                <key>Scale</key>
                <dict>
                    <key>value</key>
                    <string>{2.761,1.339}</string>
                    <key>animationsX</key>
                    <array/>
                    <key>animationsY</key>
                    <array/>
                </dict>
                <key>Hidden</key>
                <dict>
                    <key>visible</key>
                    <string>0</string>
                </dict>
                <key>Locked</key>
                <dict>
                    <key>visible</key>
                    <string>0</string>
                </dict>
                <key>Opacity</key>
                <dict>
                    <key>animations</key>
                    <array/>
                </dict>
                <key>Color</key>
                <dict>
                    <key>r</key>
                    <string>170.000000</string>
                    <key>g</key>
                    <string>85.000000</string>
                    <key>b</key>
                    <string>0.000000</string>
                    <key>a</key>
                    <string>255.000000</string>
                </dict>
                <key>zDepth</key>
                <string>509</string>
            </dict>
        </array>
    </dict>
</plist>
