<?xml version="1.0" encoding="UTF-8"?>
<!DOCTYPE plist PUBLIC "-//Apple//DTD PLIST 1.0//EN" "http://www.apple.com/DTDs/PropertyList-1.0.dtd"/>

<plist version="1.0">
    <dict>
        <key>ROOT</key>
        <array>
            <dict>
                <key>id</key>
                <string>109</string>
                <key>className</key>
                <string>PTModelSpriteContainer</string>
                <key>Name</key>
                <dict>
                    <key>value</key>
                    <string>Character</string>
                </dict>
                <key>duration</key>
                <string>0.033333</string>
                <key>animationSpeed</key>
                <string>1.000000</string>
            </dict>
            <dict>
                <key>id</key>
                <string>150</string>
                <key>className</key>
                <string>PTModelSpriteContainer</string>
                <key>Name</key>
                <dict>
                    <key>value</key>
                    <string>Character</string>
                </dict>
                <key>duration</key>
                <string>0.033333</string>
                <key>animationSpeed</key>
                <string>1.000000</string>
            </dict>
            <dict>
                <key>id</key>
                <string>341</string>
                <key>className</key>
                <string>PTModelSpriteContainer</string>
                <key>Name</key>
                <dict>
                    <key>value</key>
                    <string>Enemy</string>
                </dict>
                <key>duration</key>
                <string>0.033333</string>
                <key>animationSpeed</key>
                <string>1.000000</string>
            </dict>
            <dict>
                <key>id</key>
                <string>441</string>
                <key>className</key>
                <string>PTModelSpriteContainer</string>
                <key>Name</key>
                <dict>
                    <key>value</key>
                    <string>Platform</string>
                </dict>
                <key>duration</key>
                <string>0.033333</string>
                <key>animationSpeed</key>
                <string>1.000000</string>
            </dict>
            <dict>
                <key>id</key>
                <string>991</string>
                <key>className</key>
                <string>PTModelSpriteContainer</string>
                <key>Name</key>
                <dict>
                    <key>value</key>
                    <string>Particle</string>
                </dict>
                <key>duration</key>
                <string>0.033333</string>
                <key>animationSpeed</key>
                <string>1.000000</string>
            </dict>
            <dict>
                <key>id</key>
                <string>1042</string>
                <key>className</key>
                <string>PTModelSpriteContainer</string>
                <key>Name</key>
                <dict>
                    <key>value</key>
                    <string>icon_add_locator@2x</string>
                </dict>
                <key>duration</key>
                <string>0.033333</string>
                <key>animationSpeed</key>
                <string>1.000000</string>
            </dict>
            <dict>
                <key>id</key>
                <string>1050</string>
                <key>className</key>
                <string>PTModelSpriteContainer</string>
                <key>Name</key>
                <dict>
                    <key>value</key>
                    <string>Particle</string>
                </dict>
                <key>duration</key>
                <string>0.033333</string>
                <key>animationSpeed</key>
                <string>1.000000</string>
            </dict>
            <dict>
                <key>id</key>
                <string>1186</string>
                <key>className</key>
                <string>PTModelSpriteContainer</string>
                <key>Name</key>
                <dict>
                    <key>value</key>
                    <string>Coins</string>
                </dict>
                <key>duration</key>
                <string>0.033333</string>
                <key>animationSpeed</key>
                <string>1.000000</string>
            </dict>
            <dict>
                <key>id</key>
                <string>1483</string>
                <key>className</key>
                <string>PTModelSpriteContainer</string>
                <key>Name</key>
                <dict>
                    <key>value</key>
                    <string>Right</string>
                </dict>
                <key>duration</key>
                <string>0.033333</string>
                <key>animationSpeed</key>
                <string>1.000000</string>
            </dict>
            <dict>
                <key>id</key>
                <string>1489</string>
                <key>className</key>
                <string>PTModelSpriteContainer</string>
                <key>Name</key>
                <dict>
                    <key>value</key>
                    <string>Left</string>
                </dict>
                <key>duration</key>
                <string>0.033333</string>
                <key>animationSpeed</key>
                <string>1.000000</string>
            </dict>
            <dict>
                <key>id</key>
                <string>1501</string>
                <key>className</key>
                <string>PTModelSpriteContainer</string>
                <key>Name</key>
                <dict>
                    <key>value</key>
                    <string>Up</string>
                </dict>
                <key>duration</key>
                <string>0.033333</string>
                <key>animationSpeed</key>
                <string>1.000000</string>
            </dict>
            <dict>
                <key>id</key>
                <string>1566</string>
                <key>className</key>
                <string>PTModelSpriteContainer</string>
                <key>Name</key>
                <dict>
                    <key>value</key>
                    <string>Pause</string>
                </dict>
                <key>duration</key>
                <string>0.033333</string>
                <key>animationSpeed</key>
                <string>1.000000</string>
            </dict>
            <dict>
                <key>id</key>
                <string>1572</string>
                <key>className</key>
                <string>PTModelSpriteContainer</string>
                <key>Name</key>
                <dict>
                    <key>value</key>
                    <string>UI Background</string>
                </dict>
                <key>duration</key>
                <string>0.033333</string>
                <key>animationSpeed</key>
                <string>1.000000</string>
            </dict>
            <dict>
                <key>id</key>
                <string>1575</string>
                <key>className</key>
                <string>PTModelSpriteContainer</string>
                <key>Name</key>
                <dict>
                    <key>value</key>
                    <string>Start Button</string>
                </dict>
                <key>duration</key>
                <string>0.033333</string>
                <key>animationSpeed</key>
                <string>1.000000</string>
            </dict>
            <dict>
                <key>id</key>
                <string>1603</string>
                <key>className</key>
                <string>PTModelSpriteContainer</string>
                <key>Name</key>
                <dict>
                    <key>value</key>
                    <string>Pause Logo</string>
                </dict>
                <key>duration</key>
                <string>0.033333</string>
                <key>animationSpeed</key>
                <string>1.000000</string>
            </dict>
            <dict>
                <key>id</key>
                <string>1606</string>
                <key>className</key>
                <string>PTModelSpriteContainer</string>
                <key>Name</key>
                <dict>
                    <key>value</key>
                    <string>Continue Button</string>
                </dict>
                <key>duration</key>
                <string>0.033333</string>
                <key>animationSpeed</key>
                <string>1.000000</string>
            </dict>
            <dict>
                <key>id</key>
                <string>1609</string>
                <key>className</key>
                <string>PTModelSpriteContainer</string>
                <key>Name</key>
                <dict>
                    <key>value</key>
                    <string>Main Menu Button</string>
                </dict>
                <key>duration</key>
                <string>0.033333</string>
                <key>animationSpeed</key>
                <string>1.000000</string>
            </dict>
            <dict>
                <key>id</key>
                <string>1675</string>
                <key>className</key>
                <string>PTModelSpriteContainer</string>
                <key>Name</key>
                <dict>
                    <key>value</key>
                    <string>BG</string>
                </dict>
                <key>duration</key>
                <string>0.033333</string>
                <key>animationSpeed</key>
                <string>1.000000</string>
            </dict>
            <dict>
                <key>id</key>
                <string>1679</string>
                <key>className</key>
                <string>PTModelSpriteContainer</string>
                <key>Name</key>
                <dict>
                    <key>value</key>
                    <string>Tile (15)</string>
                </dict>
                <key>duration</key>
                <string>0.033333</string>
                <key>animationSpeed</key>
                <string>1.000000</string>
            </dict>
            <dict>
                <key>id</key>
                <string>1710</string>
                <key>className</key>
                <string>PTModelSpriteContainer</string>
                <key>Name</key>
                <dict>
                    <key>value</key>
                    <string>Walk (13)</string>
                </dict>
                <key>duration</key>
                <string>0.033333</string>
                <key>animationSpeed</key>
                <string>1.000000</string>
            </dict>
            <dict>
                <key>id</key>
                <string>1722</string>
                <key>className</key>
                <string>PTModelSpriteContainer</string>
                <key>Name</key>
                <dict>
                    <key>value</key>
                    <string>Tile (14)</string>
                </dict>
                <key>duration</key>
                <string>0.033333</string>
                <key>animationSpeed</key>
                <string>1.000000</string>
            </dict>
            <dict>
                <key>id</key>
                <string>1733</string>
                <key>className</key>
                <string>PTModelSpriteContainer</string>
                <key>Name</key>
                <dict>
                    <key>value</key>
                    <string>Tile (16)</string>
                </dict>
                <key>duration</key>
                <string>0.033333</string>
                <key>animationSpeed</key>
                <string>1.000000</string>
            </dict>
            <dict>
                <key>id</key>
                <string>1744</string>
                <key>className</key>
                <string>PTModelSpriteContainer</string>
                <key>Name</key>
                <dict>
                    <key>value</key>
                    <string>Tile (11)</string>
                </dict>
                <key>duration</key>
                <string>0.033333</string>
                <key>animationSpeed</key>
                <string>1.000000</string>
            </dict>
            <dict>
                <key>id</key>
                <string>1755</string>
                <key>className</key>
                <string>PTModelSpriteContainer</string>
                <key>Name</key>
                <dict>
                    <key>value</key>
                    <string>Bone (3)</string>
                </dict>
                <key>duration</key>
                <string>0.033333</string>
                <key>animationSpeed</key>
                <string>1.000000</string>
            </dict>
            <dict>
                <key>id</key>
                <string>1767</string>
                <key>className</key>
                <string>PTModelSpriteContainer</string>
                <key>Name</key>
                <dict>
                    <key>value</key>
                    <string>Run (20)</string>
                </dict>
                <key>duration</key>
                <string>0.400000</string>
                <key>animationSpeed</key>
                <string>1.000000</string>
            </dict>
            <dict>
                <key>id</key>
                <string>1797</string>
                <key>className</key>
                <string>PTModelSpriteContainer</string>
                <key>Name</key>
                <dict>
                    <key>value</key>
                    <string>Dead (30)</string>
                </dict>
                <key>duration</key>
                <string>0.666667</string>
                <key>animationSpeed</key>
                <string>1.000000</string>
            </dict>
            <dict>
                <key>id</key>
                <string>1847</string>
                <key>className</key>
                <string>PTModelSpriteContainer</string>
                <key>Name</key>
                <dict>
                    <key>value</key>
                    <string>Tile (2)</string>
                </dict>
                <key>duration</key>
                <string>0.033333</string>
                <key>animationSpeed</key>
                <string>1.000000</string>
            </dict>
            <dict>
                <key>id</key>
                <string>1874</string>
                <key>className</key>
                <string>PTModelSpriteContainer</string>
                <key>Name</key>
                <dict>
                    <key>value</key>
                    <string>Tile (14)</string>
                </dict>
                <key>duration</key>
                <string>0.033333</string>
                <key>animationSpeed</key>
                <string>1.000000</string>
            </dict>
            <dict>
                <key>id</key>
                <string>1890</string>
                <key>className</key>
                <string>PTModelSpriteContainer</string>
                <key>Name</key>
                <dict>
                    <key>value</key>
                    <string>Tile (14)</string>
                </dict>
                <key>duration</key>
                <string>0.033333</string>
                <key>animationSpeed</key>
                <string>1.000000</string>
            </dict>
            <dict>
                <key>id</key>
                <string>1902</string>
                <key>className</key>
                <string>PTModelSpriteContainer</string>
                <key>Name</key>
                <dict>
                    <key>value</key>
                    <string>Tile (16)</string>
                </dict>
                <key>duration</key>
                <string>0.033333</string>
                <key>animationSpeed</key>
                <string>1.000000</string>
            </dict>
            <dict>
                <key>id</key>
                <string>1913</string>
                <key>className</key>
                <string>PTModelSpriteContainer</string>
                <key>Name</key>
                <dict>
                    <key>value</key>
                    <string>Crate</string>
                </dict>
                <key>duration</key>
                <string>0.033333</string>
                <key>animationSpeed</key>
                <string>1.000000</string>
            </dict>
            <dict>
                <key>id</key>
                <string>1935</string>
                <key>className</key>
                <string>PTModelSpriteContainer</string>
                <key>Name</key>
                <dict>
                    <key>value</key>
                    <string>Crate</string>
                </dict>
                <key>duration</key>
                <string>0.033333</string>
                <key>animationSpeed</key>
                <string>1.000000</string>
            </dict>
            <dict>
                <key>id</key>
                <string>1947</string>
                <key>className</key>
                <string>PTModelSpriteContainer</string>
                <key>Name</key>
                <dict>
                    <key>value</key>
                    <string>Crate</string>
                </dict>
                <key>duration</key>
                <string>0.033333</string>
                <key>animationSpeed</key>
                <string>1.000000</string>
            </dict>
            <dict>
                <key>id</key>
                <string>1973</string>
                <key>className</key>
                <string>PTModelSpriteContainer</string>
                <key>Name</key>
                <dict>
                    <key>value</key>
                    <string>Idle__003</string>
                </dict>
                <key>duration</key>
                <string>0.033333</string>
                <key>animationSpeed</key>
                <string>1.000000</string>
            </dict>
            <dict>
                <key>id</key>
                <string>1982</string>
                <key>className</key>
                <string>PTModelSpriteContainer</string>
                <key>Name</key>
                <dict>
                    <key>value</key>
                    <string>Idle__003</string>
                </dict>
                <key>duration</key>
                <string>0.033333</string>
                <key>animationSpeed</key>
                <string>1.000000</string>
            </dict>
            <dict>
                <key>id</key>
                <string>1991</string>
                <key>className</key>
                <string>PTModelSpriteContainer</string>
                <key>Name</key>
                <dict>
                    <key>value</key>
                    <string>Jump_Attack__002</string>
                </dict>
                <key>duration</key>
                <string>0.033333</string>
                <key>animationSpeed</key>
                <string>1.000000</string>
            </dict>
            <dict>
                <key>id</key>
                <string>2001</string>
                <key>className</key>
                <string>PTModelSpriteContainer</string>
                <key>Name</key>
                <dict>
                    <key>value</key>
                    <string>Jump_Attack__002</string>
                </dict>
                <key>duration</key>
                <string>0.033333</string>
                <key>animationSpeed</key>
                <string>1.000000</string>
            </dict>
            <dict>
                <key>id</key>
                <string>2010</string>
                <key>className</key>
                <string>PTModelSpriteContainer</string>
                <key>Name</key>
                <dict>
                    <key>value</key>
                    <string>Jump_Attack__002</string>
                </dict>
                <key>duration</key>
                <string>0.033333</string>
                <key>animationSpeed</key>
                <string>1.000000</string>
            </dict>
            <dict>
                <key>id</key>
                <string>2023</string>
                <key>className</key>
                <string>PTModelSpriteContainer</string>
                <key>Name</key>
                <dict>
                    <key>value</key>
                    <string>Idle (11)</string>
                </dict>
                <key>duration</key>
                <string>0.033333</string>
                <key>animationSpeed</key>
                <string>1.000000</string>
            </dict>
            <dict>
                <key>id</key>
                <string>2042</string>
                <key>className</key>
                <string>PTModelSpriteContainer</string>
                <key>Name</key>
                <dict>
                    <key>value</key>
                    <string>Run (20)</string>
                </dict>
                <key>duration</key>
                <string>0.400000</string>
                <key>animationSpeed</key>
                <string>1.000000</string>
            </dict>
            <dict>
                <key>id</key>
                <string>2073</string>
                <key>className</key>
                <string>PTModelSpriteContainer</string>
                <key>Name</key>
                <dict>
                    <key>value</key>
                    <string>Jump (30)</string>
                </dict>
                <key>duration</key>
                <string>0.666667</string>
                <key>animationSpeed</key>
                <string>1.000000</string>
            </dict>
            <dict>
                <key>id</key>
                <string>2120</string>
                <key>className</key>
                <string>PTModelSpriteContainer</string>
                <key>Name</key>
                <dict>
                    <key>value</key>
                    <string>Dead (30)</string>
                </dict>
                <key>duration</key>
                <string>0.666667</string>
                <key>animationSpeed</key>
                <string>1.000000</string>
            </dict>
            <dict>
                <key>id</key>
                <string>2180</string>
                <key>className</key>
                <string>PTModelSpriteContainer</string>
                <key>Name</key>
                <dict>
                    <key>value</key>
                    <string>Jump_Attack__000</string>
                </dict>
                <key>duration</key>
                <string>0.033333</string>
                <key>animationSpeed</key>
                <string>1.000000</string>
            </dict>
            <dict>
                <key>id</key>
                <string>2194</string>
                <key>className</key>
                <string>PTModelSpriteContainer</string>
                <key>Name</key>
                <dict>
                    <key>value</key>
                    <string>Crate</string>
                </dict>
                <key>duration</key>
                <string>0.033333</string>
                <key>animationSpeed</key>
                <string>1.000000</string>
            </dict>
            <dict>
                <key>id</key>
                <string>2206</string>
                <key>className</key>
                <string>PTModelSpriteContainer</string>
                <key>Name</key>
                <dict>
                    <key>value</key>
                    <string>Attack__000</string>
                </dict>
                <key>duration</key>
                <string>0.033333</string>
                <key>animationSpeed</key>
                <string>1.000000</string>
            </dict>
            <dict>
                <key>id</key>
                <string>2218</string>
                <key>className</key>
                <string>PTModelSpriteContainer</string>
                <key>Name</key>
                <dict>
                    <key>value</key>
                    <string>Attack__000</string>
                </dict>
                <key>duration</key>
                <string>0.033333</string>
                <key>animationSpeed</key>
                <string>1.000000</string>
            </dict>
            <dict>
                <key>id</key>
                <string>2229</string>
                <key>className</key>
                <string>PTModelSpriteContainer</string>
                <key>Name</key>
                <dict>
                    <key>value</key>
                    <string>Crate</string>
                </dict>
                <key>duration</key>
                <string>0.033333</string>
                <key>animationSpeed</key>
                <string>1.000000</string>
            </dict>
            <dict>
                <key>id</key>
                <string>2269</string>
                <key>className</key>
                <string>PTModelSpriteContainer</string>
                <key>Name</key>
                <dict>
                    <key>value</key>
                    <string>Crate</string>
                </dict>
                <key>duration</key>
                <string>0.033333</string>
                <key>animationSpeed</key>
                <string>1.000000</string>
            </dict>
            <dict>
                <key>id</key>
                <string>2280</string>
                <key>className</key>
                <string>PTModelSpriteContainer</string>
                <key>Name</key>
                <dict>
                    <key>value</key>
                    <string>coin1</string>
                </dict>
                <key>duration</key>
                <string>0.033333</string>
                <key>animationSpeed</key>
                <string>1.000000</string>
            </dict>
            <dict>
                <key>id</key>
                <string>2292</string>
                <key>className</key>
                <string>PTModelSpriteContainer</string>
                <key>Name</key>
                <dict>
                    <key>value</key>
                    <string>Bone (1)</string>
                </dict>
                <key>duration</key>
                <string>0.033333</string>
                <key>animationSpeed</key>
                <string>1.000000</string>
            </dict>
            <dict>
                <key>id</key>
                <string>2304</string>
                <key>className</key>
                <string>PTModelSpriteContainer</string>
                <key>Name</key>
                <dict>
                    <key>value</key>
                    <string>Bone (2)</string>
                </dict>
                <key>duration</key>
                <string>0.033333</string>
                <key>animationSpeed</key>
                <string>1.000000</string>
            </dict>
            <dict>
                <key>id</key>
                <string>2351</string>
                <key>className</key>
                <string>PTModelSpriteContainer</string>
                <key>Name</key>
                <dict>
                    <key>value</key>
                    <string>Crate</string>
                </dict>
                <key>duration</key>
                <string>0.033333</string>
                <key>animationSpeed</key>
                <string>1.000000</string>
            </dict>
            <dict>
                <key>id</key>
                <string>2453</string>
                <key>className</key>
                <string>PTModelSpriteContainer</string>
                <key>Name</key>
                <dict>
                    <key>value</key>
                    <string>Crate</string>
                </dict>
                <key>duration</key>
                <string>0.033333</string>
                <key>animationSpeed</key>
                <string>1.000000</string>
            </dict>
            <dict>
                <key>id</key>
                <string>2505</string>
                <key>className</key>
                <string>PTModelSpriteContainer</string>
                <key>Name</key>
                <dict>
                    <key>value</key>
                    <string>Tile (1)</string>
                </dict>
                <key>duration</key>
                <string>0.033333</string>
                <key>animationSpeed</key>
                <string>1.000000</string>
            </dict>
            <dict>
                <key>id</key>
                <string>2556</string>
                <key>className</key>
                <string>PTModelSpriteContainer</string>
                <key>Name</key>
                <dict>
                    <key>value</key>
                    <string>IceBox</string>
                </dict>
                <key>duration</key>
                <string>0.033333</string>
                <key>animationSpeed</key>
                <string>1.000000</string>
            </dict>
            <dict>
                <key>id</key>
                <string>2587</string>
                <key>className</key>
                <string>PTModelSpriteContainer</string>
                <key>Name</key>
                <dict>
                    <key>value</key>
                    <string>image 13</string>
                </dict>
                <key>duration</key>
                <string>0.033333</string>
                <key>animationSpeed</key>
                <string>1.000000</string>
            </dict>
            <dict>
                <key>id</key>
                <string>2606</string>
                <key>className</key>
                <string>PTModelSpriteContainer</string>
                <key>Name</key>
                <dict>
                    <key>value</key>
                    <string>Igloo</string>
                </dict>
                <key>duration</key>
                <string>0.033333</string>
                <key>animationSpeed</key>
                <string>1.000000</string>
            </dict>
            <dict>
                <key>id</key>
                <string>2622</string>
                <key>className</key>
                <string>PTModelSpriteContainer</string>
                <key>Name</key>
                <dict>
                    <key>value</key>
                    <string>Crate</string>
                </dict>
                <key>duration</key>
                <string>0.033333</string>
                <key>animationSpeed</key>
                <string>1.000000</string>
            </dict>
            <dict>
                <key>id</key>
                <string>2698</string>
                <key>className</key>
                <string>PTModelSpriteContainer</string>
                <key>Name</key>
                <dict>
                    <key>value</key>
                    <string>14</string>
                </dict>
                <key>duration</key>
                <string>0.033333</string>
                <key>animationSpeed</key>
                <string>1.000000</string>
            </dict>
            <dict>
                <key>id</key>
                <string>2709</string>
                <key>className</key>
                <string>PTModelSpriteContainer</string>
                <key>Name</key>
                <dict>
                    <key>value</key>
                    <string>16</string>
                </dict>
                <key>duration</key>
                <string>0.033333</string>
                <key>animationSpeed</key>
                <string>1.000000</string>
            </dict>
            <dict>
                <key>id</key>
                <string>2720</string>
                <key>className</key>
                <string>PTModelSpriteContainer</string>
                <key>Name</key>
                <dict>
                    <key>value</key>
                    <string>Saw</string>
                </dict>
                <key>duration</key>
                <string>0.033333</string>
                <key>animationSpeed</key>
                <string>1.000000</string>
            </dict>
            <dict>
                <key>id</key>
                <string>2732</string>
                <key>className</key>
                <string>PTModelSpriteContainer</string>
                <key>Name</key>
                <dict>
                    <key>value</key>
                    <string>Cactus (2)</string>
                </dict>
                <key>duration</key>
                <string>0.033333</string>
                <key>animationSpeed</key>
                <string>1.000000</string>
            </dict>
            <dict>
                <key>id</key>
                <string>2748</string>
                <key>className</key>
                <string>PTModelSpriteContainer</string>
                <key>Name</key>
                <dict>
                    <key>value</key>
                    <string>Crate</string>
                </dict>
                <key>duration</key>
                <string>0.033333</string>
                <key>animationSpeed</key>
                <string>1.000000</string>
            </dict>
            <dict>
                <key>id</key>
                <string>2831</string>
                <key>className</key>
                <string>PTModelSpriteContainer</string>
                <key>Name</key>
                <dict>
                    <key>value</key>
                    <string>Crate</string>
                </dict>
                <key>duration</key>
                <string>0.033333</string>
                <key>animationSpeed</key>
                <string>1.000000</string>
            </dict>
            <dict>
                <key>id</key>
                <string>2886</string>
                <key>className</key>
                <string>PTModelSpriteContainer</string>
                <key>Name</key>
                <dict>
                    <key>value</key>
                    <string>Bush (1)</string>
                </dict>
                <key>duration</key>
                <string>0.033333</string>
                <key>animationSpeed</key>
                <string>1.000000</string>
            </dict>
            <dict>
                <key>id</key>
                <string>2897</string>
                <key>className</key>
                <string>PTModelSpriteContainer</string>
                <key>Name</key>
                <dict>
                    <key>value</key>
                    <string>Cactus (1)</string>
                </dict>
                <key>duration</key>
                <string>0.033333</string>
                <key>animationSpeed</key>
                <string>1.000000</string>
            </dict>
            <dict>
                <key>id</key>
                <string>2918</string>
                <key>className</key>
                <string>PTModelSpriteContainer</string>
                <key>Name</key>
                <dict>
                    <key>value</key>
                    <string>Tile (3)</string>
                </dict>
                <key>duration</key>
                <string>0.033333</string>
                <key>animationSpeed</key>
                <string>1.000000</string>
            </dict>
            <dict>
                <key>id</key>
                <string>2946</string>
                <key>className</key>
                <string>PTModelSpriteContainer</string>
                <key>Name</key>
                <dict>
                    <key>value</key>
                    <string>Bush (2)</string>
                </dict>
                <key>duration</key>
                <string>0.033333</string>
                <key>animationSpeed</key>
                <string>1.000000</string>
            </dict>
            <dict>
                <key>id</key>
                <string>2986</string>
                <key>className</key>
                <string>PTModelSpriteContainer</string>
                <key>Name</key>
                <dict>
                    <key>value</key>
                    <string>Emitter</string>
                </dict>
                <key>duration</key>
                <string>0.033333</string>
                <key>animationSpeed</key>
                <string>1.000000</string>
            </dict>
            <dict>
                <key>id</key>
                <string>3077</string>
                <key>className</key>
                <string>PTModelSpriteContainer</string>
                <key>Name</key>
                <dict>
                    <key>value</key>
                    <string>BGTile (3)</string>
                </dict>
                <key>duration</key>
                <string>0.033333</string>
                <key>animationSpeed</key>
                <string>1.000000</string>
            </dict>
            <dict>
                <key>id</key>
                <string>3089</string>
                <key>className</key>
                <string>PTModelSpriteContainer</string>
                <key>Name</key>
                <dict>
                    <key>value</key>
                    <string>StoneBlock</string>
                </dict>
                <key>duration</key>
                <string>0.033333</string>
                <key>animationSpeed</key>
                <string>1.000000</string>
            </dict>
            <dict>
                <key>id</key>
                <string>3124</string>
                <key>className</key>
                <string>PTModelSpriteContainer</string>
                <key>Name</key>
                <dict>
                    <key>value</key>
                    <string>StoneBlock</string>
                </dict>
                <key>duration</key>
                <string>0.033333</string>
                <key>animationSpeed</key>
                <string>1.000000</string>
            </dict>
            <dict>
                <key>id</key>
                <string>3138</string>
                <key>className</key>
                <string>PTModelSpriteContainer</string>
                <key>Name</key>
                <dict>
                    <key>value</key>
                    <string>StoneBlock</string>
                </dict>
                <key>duration</key>
                <string>0.033333</string>
                <key>animationSpeed</key>
                <string>1.000000</string>
            </dict>
            <dict>
                <key>id</key>
                <string>3326</string>
                <key>className</key>
                <string>PTModelSpriteContainer</string>
                <key>Name</key>
                <dict>
                    <key>value</key>
                    <string>Crate</string>
                </dict>
                <key>duration</key>
                <string>0.033333</string>
                <key>animationSpeed</key>
                <string>1.000000</string>
            </dict>
            <dict>
                <key>id</key>
                <string>3530</string>
                <key>className</key>
                <string>PTModelSpriteContainer</string>
                <key>Name</key>
                <dict>
                    <key>value</key>
                    <string>BirdFly_000</string>
                </dict>
                <key>duration</key>
                <string>0.033333</string>
                <key>animationSpeed</key>
                <string>1.000000</string>
            </dict>
            <dict>
                <key>id</key>
                <string>3569</string>
                <key>className</key>
                <string>PTModelSpriteContainer</string>
                <key>Name</key>
                <dict>
                    <key>value</key>
                    <string>Emitter</string>
                </dict>
                <key>duration</key>
                <string>0.033333</string>
                <key>animationSpeed</key>
                <string>1.000000</string>
            </dict>
            <dict>
                <key>id</key>
                <string>3681</string>
                <key>className</key>
                <string>PTModelSpriteContainer</string>
                <key>Name</key>
                <dict>
                    <key>value</key>
                    <string>BirdFly_000</string>
                </dict>
                <key>duration</key>
                <string>0.033333</string>
                <key>animationSpeed</key>
                <string>1.000000</string>
            </dict>
            <dict>
                <key>id</key>
                <string>3705</string>
                <key>className</key>
                <string>PTModelSpriteContainer</string>
                <key>Name</key>
                <dict>
                    <key>value</key>
                    <string>BirdFly_001</string>
                </dict>
                <key>duration</key>
                <string>0.033333</string>
                <key>animationSpeed</key>
                <string>1.000000</string>
            </dict>
            <dict>
                <key>id</key>
                <string>3718</string>
                <key>className</key>
                <string>PTModelSpriteContainer</string>
                <key>Name</key>
                <dict>
                    <key>value</key>
                    <string>Mace</string>
                </dict>
                <key>duration</key>
                <string>0.033333</string>
                <key>animationSpeed</key>
                <string>1.000000</string>
            </dict>
            <dict>
                <key>id</key>
                <string>3730</string>
                <key>className</key>
                <string>PTModelSpriteContainer</string>
                <key>Name</key>
                <dict>
                    <key>value</key>
                    <string>Saw</string>
                </dict>
                <key>duration</key>
                <string>0.033333</string>
                <key>animationSpeed</key>
                <string>1.000000</string>
            </dict>
            <dict>
                <key>id</key>
                <string>3981</string>
                <key>className</key>
                <string>PTModelSpriteContainer</string>
                <key>Name</key>
                <dict>
                    <key>value</key>
                    <string>coin1</string>
                </dict>
                <key>duration</key>
                <string>0.033333</string>
                <key>animationSpeed</key>
                <string>1.000000</string>
            </dict>
            <dict>
                <key>id</key>
                <string>4052</string>
                <key>className</key>
                <string>PTModelSpriteContainer</string>
                <key>Name</key>
                <dict>
                    <key>value</key>
                    <string>coin6</string>
                </dict>
                <key>duration</key>
                <string>0.200000</string>
                <key>animationSpeed</key>
                <string>1.000000</string>
            </dict>
            <dict>
                <key>id</key>
                <string>4331</string>
                <key>className</key>
                <string>PTModelSpriteContainer</string>
                <key>Name</key>
                <dict>
                    <key>value</key>
                    <string>images (7)</string>
                </dict>
                <key>duration</key>
                <string>0.033333</string>
                <key>animationSpeed</key>
                <string>1.000000</string>
            </dict>
            <dict>
                <key>id</key>
                <string>4340</string>
                <key>className</key>
                <string>PTModelSpriteContainer</string>
                <key>Name</key>
                <dict>
                    <key>value</key>
                    <string>download</string>
                </dict>
                <key>duration</key>
                <string>0.033333</string>
                <key>animationSpeed</key>
                <string>1.000000</string>
            </dict>
            <dict>
                <key>id</key>
                <string>4374</string>
                <key>className</key>
                <string>PTModelSpriteContainer</string>
                <key>Name</key>
                <dict>
                    <key>value</key>
                    <string>Refresh (1)</string>
                </dict>
                <key>duration</key>
                <string>0.033333</string>
                <key>animationSpeed</key>
                <string>1.000000</string>
            </dict>
            <dict>
                <key>id</key>
                <string>4380</string>
                <key>className</key>
                <string>PTModelSpriteContainer</string>
                <key>Name</key>
                <dict>
                    <key>value</key>
                    <string>images (7)</string>
                </dict>
                <key>duration</key>
                <string>0.033333</string>
                <key>animationSpeed</key>
                <string>1.000000</string>
            </dict>
            <dict>
                <key>id</key>
                <string>4385</string>
                <key>className</key>
                <string>PTModelSpriteContainer</string>
                <key>Name</key>
                <dict>
                    <key>value</key>
                    <string>download</string>
                </dict>
                <key>duration</key>
                <string>0.033333</string>
                <key>animationSpeed</key>
                <string>1.000000</string>
            </dict>
            <dict>
                <key>id</key>
                <string>4392</string>
                <key>className</key>
                <string>PTModelSpriteContainer</string>
                <key>Name</key>
                <dict>
                    <key>value</key>
                    <string>Profile (1)</string>
                </dict>
                <key>duration</key>
                <string>0.033333</string>
                <key>animationSpeed</key>
                <string>1.000000</string>
            </dict>
            <dict>
                <key>id</key>
                <string>4397</string>
                <key>className</key>
                <string>PTModelSpriteContainer</string>
                <key>Name</key>
                <dict>
                    <key>value</key>
                    <string>Reload (1)</string>
                </dict>
                <key>duration</key>
                <string>0.033333</string>
                <key>animationSpeed</key>
                <string>1.000000</string>
            </dict>
            <dict>
                <key>id</key>
                <string>4402</string>
                <key>className</key>
                <string>PTModelSpriteContainer</string>
                <key>Name</key>
                <dict>
                    <key>value</key>
                    <string>RightArrow (4)</string>
                </dict>
                <key>duration</key>
                <string>0.033333</string>
                <key>animationSpeed</key>
                <string>1.000000</string>
            </dict>
            <dict>
                <key>id</key>
                <string>4412</string>
                <key>className</key>
                <string>PTModelSpriteContainer</string>
                <key>Name</key>
                <dict>
                    <key>value</key>
                    <string>RightArrow (4)</string>
                </dict>
                <key>duration</key>
                <string>0.033333</string>
                <key>animationSpeed</key>
                <string>1.000000</string>
            </dict>
            <dict>
                <key>id</key>
                <string>4417</string>
                <key>className</key>
                <string>PTModelSpriteContainer</string>
                <key>Name</key>
                <dict>
                    <key>value</key>
                    <string>Profile (3)</string>
                </dict>
                <key>duration</key>
                <string>0.033333</string>
                <key>animationSpeed</key>
                <string>1.000000</string>
            </dict>
            <dict>
                <key>id</key>
                <string>4424</string>
                <key>className</key>
                <string>PTModelSpriteContainer</string>
                <key>Name</key>
                <dict>
                    <key>value</key>
                    <string>images (2)</string>
                </dict>
                <key>duration</key>
                <string>0.033333</string>
                <key>animationSpeed</key>
                <string>1.000000</string>
            </dict>
            <dict>
                <key>id</key>
                <string>4429</string>
                <key>className</key>
                <string>PTModelSpriteContainer</string>
                <key>Name</key>
                <dict>
                    <key>value</key>
                    <string>LevelGrid (4)</string>
                </dict>
                <key>duration</key>
                <string>0.033333</string>
                <key>animationSpeed</key>
                <string>1.000000</string>
            </dict>
            <dict>
                <key>id</key>
                <string>4434</string>
                <key>className</key>
                <string>PTModelSpriteContainer</string>
                <key>Name</key>
                <dict>
                    <key>value</key>
                    <string>Download (3)</string>
                </dict>
                <key>duration</key>
                <string>0.033333</string>
                <key>animationSpeed</key>
                <string>1.000000</string>
            </dict>
            <dict>
                <key>id</key>
                <string>4440</string>
                <key>className</key>
                <string>PTModelSpriteContainer</string>
                <key>Name</key>
                <dict>
                    <key>value</key>
                    <string>LevelList (3)</string>
                </dict>
                <key>duration</key>
                <string>0.033333</string>
                <key>animationSpeed</key>
                <string>1.000000</string>
            </dict>
            <dict>
                <key>id</key>
                <string>4445</string>
                <key>className</key>
                <string>PTModelSpriteContainer</string>
                <key>Name</key>
                <dict>
                    <key>value</key>
                    <string>MoreGames (2)</string>
                </dict>
                <key>duration</key>
                <string>0.033333</string>
                <key>animationSpeed</key>
                <string>1.000000</string>
            </dict>
            <dict>
                <key>id</key>
                <string>4452</string>
                <key>className</key>
                <string>PTModelSpriteContainer</string>
                <key>Name</key>
                <dict>
                    <key>value</key>
                    <string>images (2)</string>
                </dict>
                <key>duration</key>
                <string>0.033333</string>
                <key>animationSpeed</key>
                <string>1.000000</string>
            </dict>
            <dict>
                <key>id</key>
                <string>4457</string>
                <key>className</key>
                <string>PTModelSpriteContainer</string>
                <key>Name</key>
                <dict>
                    <key>value</key>
                    <string>Sound (4)</string>
                </dict>
                <key>duration</key>
                <string>0.033333</string>
                <key>animationSpeed</key>
                <string>1.000000</string>
            </dict>
            <dict>
                <key>id</key>
                <string>4462</string>
                <key>className</key>
                <string>PTModelSpriteContainer</string>
                <key>Name</key>
                <dict>
                    <key>value</key>
                    <string>Up (3)</string>
                </dict>
                <key>duration</key>
                <string>0.033333</string>
                <key>animationSpeed</key>
                <string>1.000000</string>
            </dict>
            <dict>
                <key>id</key>
                <string>4467</string>
                <key>className</key>
                <string>PTModelSpriteContainer</string>
                <key>Name</key>
                <dict>
                    <key>value</key>
                    <string>RightArrow (2)</string>
                </dict>
                <key>duration</key>
                <string>0.033333</string>
                <key>animationSpeed</key>
                <string>1.000000</string>
            </dict>
            <dict>
                <key>id</key>
                <string>4476</string>
                <key>className</key>
                <string>PTModelSpriteContainer</string>
                <key>Name</key>
                <dict>
                    <key>value</key>
                    <string>images (2)</string>
                </dict>
                <key>duration</key>
                <string>0.033333</string>
                <key>animationSpeed</key>
                <string>1.000000</string>
            </dict>
            <dict>
                <key>id</key>
                <string>4484</string>
                <key>className</key>
                <string>PTModelSpriteContainer</string>
                <key>Name</key>
                <dict>
                    <key>value</key>
                    <string>Exit (2)</string>
                </dict>
                <key>duration</key>
                <string>0.033333</string>
                <key>animationSpeed</key>
                <string>1.000000</string>
            </dict>
            <dict>
                <key>id</key>
                <string>4603</string>
                <key>className</key>
                <string>PTModelSpriteContainer</string>
                <key>Name</key>
                <dict>
                    <key>value</key>
                    <string>15</string>
                </dict>
                <key>duration</key>
                <string>0.033333</string>
                <key>animationSpeed</key>
                <string>1.000000</string>
            </dict>
            <dict>
                <key>id</key>
                <string>4665</string>
                <key>className</key>
                <string>PTModelSpriteContainer</string>
                <key>Name</key>
                <dict>
                    <key>value</key>
                    <string>Bush (2)</string>
                </dict>
                <key>duration</key>
                <string>0.033333</string>
                <key>animationSpeed</key>
                <string>1.000000</string>
            </dict>
            <dict>
                <key>id</key>
                <string>4717</string>
                <key>className</key>
                <string>PTModelSpriteContainer</string>
                <key>Name</key>
                <dict>
                    <key>value</key>
                    <string>BG</string>
                </dict>
                <key>duration</key>
                <string>0.033333</string>
                <key>animationSpeed</key>
                <string>1.000000</string>
            </dict>
            <dict>
                <key>id</key>
                <string>4720</string>
                <key>className</key>
                <string>PTModelSpriteContainer</string>
                <key>Name</key>
                <dict>
                    <key>value</key>
                    <string>15</string>
                </dict>
                <key>duration</key>
                <string>0.033333</string>
                <key>animationSpeed</key>
                <string>1.000000</string>
            </dict>
            <dict>
                <key>id</key>
                <string>4755</string>
                <key>className</key>
                <string>PTModelSpriteContainer</string>
                <key>Name</key>
                <dict>
                    <key>value</key>
                    <string>BirdFly_000</string>
                </dict>
                <key>duration</key>
                <string>0.033333</string>
                <key>animationSpeed</key>
                <string>1.000000</string>
            </dict>
            <dict>
                <key>id</key>
                <string>4810</string>
                <key>className</key>
                <string>PTModelSpriteContainer</string>
                <key>Name</key>
                <dict>
                    <key>value</key>
                    <string>SnowMan</string>
                </dict>
                <key>duration</key>
                <string>0.033333</string>
                <key>animationSpeed</key>
                <string>1.000000</string>
            </dict>
            <dict>
                <key>id</key>
                <string>4821</string>
                <key>className</key>
                <string>PTModelSpriteContainer</string>
                <key>Name</key>
                <dict>
                    <key>value</key>
                    <string>Tree_1</string>
                </dict>
                <key>duration</key>
                <string>0.033333</string>
                <key>animationSpeed</key>
                <string>1.000000</string>
            </dict>
            <dict>
                <key>id</key>
                <string>4835</string>
                <key>className</key>
                <string>PTModelSpriteContainer</string>
                <key>Name</key>
                <dict>
                    <key>value</key>
                    <string>Stone</string>
                </dict>
                <key>duration</key>
                <string>0.033333</string>
                <key>animationSpeed</key>
                <string>1.000000</string>
            </dict>
            <dict>
                <key>id</key>
                <string>4889</string>
                <key>className</key>
                <string>PTModelSpriteContainer</string>
                <key>Name</key>
                <dict>
                    <key>value</key>
                    <string>17</string>
                </dict>
                <key>duration</key>
                <string>0.033333</string>
                <key>animationSpeed</key>
                <string>1.000000</string>
            </dict>
            <dict>
                <key>id</key>
                <string>4930</string>
                <key>className</key>
                <string>PTModelSpriteContainer</string>
                <key>Name</key>
                <dict>
                    <key>value</key>
                    <string>boat png</string>
                </dict>
                <key>duration</key>
                <string>0.033333</string>
                <key>animationSpeed</key>
                <string>1.000000</string>
            </dict>
            <dict>
                <key>id</key>
                <string>4944</string>
                <key>className</key>
                <string>PTModelSpriteContainer</string>
                <key>Name</key>
                <dict>
                    <key>value</key>
                    <string>IceBox</string>
                </dict>
                <key>duration</key>
                <string>0.033333</string>
                <key>animationSpeed</key>
                <string>1.000000</string>
            </dict>
            <dict>
                <key>id</key>
                <string>5081</string>
                <key>className</key>
                <string>PTModelSpriteContainer</string>
                <key>Name</key>
                <dict>
                    <key>value</key>
                    <string>heart-png-15</string>
                </dict>
                <key>duration</key>
                <string>0.033333</string>
                <key>animationSpeed</key>
                <string>1.000000</string>
            </dict>
            <dict>
                <key>id</key>
                <string>5142</string>
                <key>className</key>
                <string>PTModelSpriteContainer</string>
                <key>Name</key>
                <dict>
                    <key>value</key>
                    <string>BirdFly_001</string>
                </dict>
                <key>duration</key>
                <string>0.033333</string>
                <key>animationSpeed</key>
                <string>1.000000</string>
            </dict>
            <dict>
                <key>id</key>
                <string>5176</string>
                <key>className</key>
                <string>PTModelSpriteContainer</string>
                <key>Name</key>
                <dict>
                    <key>value</key>
                    <string>BirdFly_028</string>
                </dict>
                <key>duration</key>
                <string>0.033333</string>
                <key>animationSpeed</key>
                <string>1.000000</string>
            </dict>
            <dict>
                <key>id</key>
                <string>5220</string>
                <key>className</key>
                <string>PTModelSpriteContainer</string>
                <key>Name</key>
                <dict>
                    <key>value</key>
                    <string>Crate</string>
                </dict>
                <key>duration</key>
                <string>0.033333</string>
                <key>animationSpeed</key>
                <string>1.000000</string>
            </dict>
            <dict>
                <key>id</key>
                <string>5449</string>
                <key>className</key>
                <string>PTModelSpriteContainer</string>
                <key>Name</key>
                <dict>
                    <key>value</key>
                    <string>Barrel (1)</string>
                </dict>
                <key>duration</key>
                <string>0.033333</string>
                <key>animationSpeed</key>
                <string>1.000000</string>
            </dict>
            <dict>
                <key>id</key>
                <string>5511</string>
                <key>className</key>
                <string>PTModelSpriteContainer</string>
                <key>Name</key>
                <dict>
                    <key>value</key>
                    <string>Box</string>
                </dict>
                <key>duration</key>
                <string>0.033333</string>
                <key>animationSpeed</key>
                <string>1.000000</string>
            </dict>
            <dict>
                <key>id</key>
                <string>5646</string>
                <key>className</key>
                <string>PTModelSpriteContainer</string>
                <key>Name</key>
                <dict>
                    <key>value</key>
                    <string>Emitter</string>
                </dict>
                <key>duration</key>
                <string>0.033333</string>
                <key>animationSpeed</key>
                <string>1.000000</string>
            </dict>
        </array>
    </dict>
</plist>
