<?xml version="1.0" encoding="UTF-8"?>
<!DOCTYPE plist PUBLIC "-//Apple//DTD PLIST 1.0//EN" "http://www.apple.com/DTDs/PropertyList-1.0.dtd"/>

<plist version="1.0">
    <dict>
        <key>ROOT</key>
        <array>
            <dict>
                <key>id</key>
                <string>3529</string>
                <key>className</key>
                <string>PTModelObjectAssetPath</string>
                <key>Name</key>
                <dict>
                    <key>value</key>
                    <string>Path</string>
                </dict>
                <key>Position</key>
                <dict>
                    <key>value</key>
                    <string>{602.364,602.364}</string>
                    <key>animationsX</key>
                    <array/>
                    <key>animationsY</key>
                    <array/>
                </dict>
                <key>Rotation</key>
                <dict>
                    <key>animations</key>
                    <array/>
                </dict>
                <key>Scale</key>
                <dict>
                    <key>value</key>
                    <string>{1.000,1.000}</string>
                    <key>animationsX</key>
                    <array/>
                    <key>animationsY</key>
                    <array/>
                </dict>
                <key>Hidden</key>
                <dict>
                    <key>visible</key>
                    <string>0</string>
                </dict>
                <key>Locked</key>
                <dict>
                    <key>visible</key>
                    <string>0</string>
                </dict>
                <key>Opacity</key>
                <dict>
                    <key>animations</key>
                    <array/>
                </dict>
                <key>Speed</key>
                <dict>
                    <key>value</key>
                    <string>30.000000</string>
                </dict>
                <key>Play Mode</key>
                <dict>
                    <key>selectedStringValue</key>
                    <string>kPlayModeLoop</string>
                </dict>
                <key>Affected Asset</key>
                <dict>
                    <key>selectedStringValue</key>
                    <string>kAll</string>
                </dict>
                <key>zDepth</key>
                <string>508</string>
                <key>points</key>
                <array>
                    <string>{0.000,-92.500}</string>
                    <string>{0.000,-155.000}</string>
                    <string>{0.000,-217.500}</string>
                    <string>{0.000,-280.000}</string>
                    <string>{8.013,-349.517}</string>
                    <string>{0.000,-405.000}</string>
                    <string>{0.000,-467.500}</string>
                </array>
            </dict>
            <dict>
                <key>id</key>
                <string>5510</string>
                <key>className</key>
                <string>PTModelObjectAssetPath</string>
                <key>Name</key>
                <dict>
                    <key>value</key>
                    <string>Path</string>
                </dict>
                <key>Position</key>
                <dict>
                    <key>value</key>
                    <string>{584.276,586.102}</string>
                    <key>animationsX</key>
                    <array/>
                    <key>animationsY</key>
                    <array/>
                </dict>
                <key>Rotation</key>
                <dict>
                    <key>animations</key>
                    <array/>
                </dict>
                <key>Scale</key>
                <dict>
                    <key>value</key>
                    <string>{1.000,1.000}</string>
                    <key>animationsX</key>
                    <array/>
                    <key>animationsY</key>
                    <array/>
                </dict>
                <key>Hidden</key>
                <dict>
                    <key>visible</key>
                    <string>0</string>
                </dict>
                <key>Locked</key>
                <dict>
                    <key>visible</key>
                    <string>0</string>
                </dict>
                <key>Opacity</key>
                <dict>
                    <key>animations</key>
                    <array/>
                </dict>
                <key>Search Radius</key>
                <dict>
                    <key>animations</key>
                    <array/>
                </dict>
                <key>Speed</key>
                <dict>
                    <key>animations</key>
                    <array/>
                </dict>
                <key>Attraction Force</key>
                <dict>
                    <key>animations</key>
                    <array/>
                </dict>
                <key>Play Mode</key>
                <dict>
                    <key>selectedStringValue</key>
                    <string>kPlayModeLoop</string>
                </dict>
                <key>Affected Asset</key>
                <dict>
                    <key>selectedStringValue</key>
                    <string>kAll</string>
                </dict>
                <key>zDepth</key>
                <string>508</string>
                <key>points</key>
                <array>
                    <string>{0.000,-92.500}</string>
                    <string>{0.000,-155.000}</string>
                    <string>{0.000,-217.500}</string>
                    <string>{-5.478,-449.162}</string>
                </array>
            </dict>
        </array>
    </dict>
</plist>
