<?xml version="1.0" encoding="UTF-8"?>
<!DOCTYPE plist PUBLIC "-//Apple//DTD PLIST 1.0//EN" "http://www.apple.com/DTDs/PropertyList-1.0.dtd"/>

<plist version="1.0">
    <dict>
        <key>ROOT</key>
        <array>
            <dict>
                <key>id</key>
                <string>103</string>
                <key>children</key>
                <array>
                    <string>217</string>
                    <string>429</string>
                    <string>515</string>
                    <string>605</string>
                    <string>610</string>
                    <string>641</string>
                </array>
                <key>childLinkers</key>
                <array/>
            </dict>
            <dict>
                <key>id</key>
                <string>1629</string>
                <key>children</key>
                <array>
                    <string>4730</string>
                    <string>4732</string>
                    <string>4734</string>
                    <string>4736</string>
                    <string>4738</string>
                    <string>4740</string>
                    <string>4742</string>
                    <string>4744</string>
                    <string>4746</string>
                    <string>4748</string>
                    <string>4750</string>
                    <string>4752</string>
                    <string>4754</string>
                    <string>4765</string>
                    <string>4777</string>
                    <string>4779</string>
                    <string>4786</string>
                    <string>4789</string>
                    <string>4791</string>
                    <string>4793</string>
                    <string>4798</string>
                    <string>4800</string>
                    <string>4802</string>
                    <string>4804</string>
                    <string>4820</string>
                    <string>4845</string>
                </array>
                <key>childLinkers</key>
                <array/>
            </dict>
            <dict>
                <key>id</key>
                <string>1395</string>
                <key>children</key>
                <array>
                    <string>1689</string>
                    <string>1691</string>
                    <string>1693</string>
                    <string>1695</string>
                    <string>1697</string>
                    <string>1699</string>
                    <string>1701</string>
                    <string>1703</string>
                    <string>1705</string>
                    <string>1707</string>
                    <string>1709</string>
                    <string>1732</string>
                    <string>1743</string>
                    <string>1754</string>
                    <string>1765</string>
                    <string>2036</string>
                    <string>2174</string>
                    <string>2190</string>
                    <string>2204</string>
                    <string>2216</string>
                    <string>2228</string>
                    <string>2239</string>
                    <string>4114</string>
                    <string>4116</string>
                    <string>4118</string>
                    <string>4120</string>
                    <string>4122</string>
                    <string>4126</string>
                    <string>4128</string>
                    <string>4130</string>
                    <string>4132</string>
                    <string>4134</string>
                    <string>4136</string>
                    <string>4138</string>
                </array>
                <key>childLinkers</key>
                <array/>
            </dict>
            <dict>
                <key>id</key>
                <string>4956</string>
                <key>children</key>
                <array>
                    <string>4957</string>
                    <string>4958</string>
                    <string>4959</string>
                    <string>4960</string>
                    <string>4961</string>
                    <string>4962</string>
                    <string>4963</string>
                    <string>4964</string>
                    <string>4965</string>
                    <string>4966</string>
                    <string>4967</string>
                    <string>4968</string>
                    <string>4969</string>
                    <string>4970</string>
                    <string>4972</string>
                    <string>4976</string>
                    <string>4980</string>
                    <string>4984</string>
                    <string>4988</string>
                    <string>4992</string>
                    <string>5010</string>
                    <string>5012</string>
                    <string>5014</string>
                    <string>5016</string>
                    <string>5018</string>
                </array>
                <key>childLinkers</key>
                <array/>
            </dict>
            <dict>
                <key>id</key>
                <string>5027</string>
                <key>children</key>
                <array>
                    <string>5031</string>
                    <string>5045</string>
                    <string>5047</string>
                    <string>5063</string>
                    <string>5065</string>
                    <string>5067</string>
                    <string>5077</string>
                    <string>5080</string>
                    <string>5091</string>
                    <string>5093</string>
                    <string>5095</string>
                    <string>5097</string>
                    <string>5099</string>
                    <string>5101</string>
                    <string>5103</string>
                    <string>5105</string>
                    <string>5107</string>
                    <string>5131</string>
                    <string>5133</string>
                    <string>5135</string>
                    <string>5137</string>
                    <string>5139</string>
                    <string>5141</string>
                    <string>5651</string>
                </array>
                <key>childLinkers</key>
                <array>
                    <string>5108</string>
                    <string>5118</string>
                    <string>5119</string>
                    <string>5120</string>
                    <string>5121</string>
                    <string>5122</string>
                    <string>5123</string>
                    <string>5124</string>
                    <string>5125</string>
                    <string>5126</string>
                </array>
            </dict>
            <dict>
                <key>id</key>
                <string>1407</string>
                <key>children</key>
                <array>
                    <string>1857</string>
                    <string>1859</string>
                    <string>1861</string>
                    <string>2255</string>
                    <string>2257</string>
                    <string>2259</string>
                    <string>2261</string>
                    <string>2263</string>
                    <string>2265</string>
                    <string>2279</string>
                    <string>2314</string>
                    <string>2342</string>
                    <string>2344</string>
                    <string>2346</string>
                    <string>2348</string>
                    <string>2350</string>
                    <string>2424</string>
                    <string>2426</string>
                    <string>2428</string>
                    <string>2430</string>
                    <string>2432</string>
                    <string>2434</string>
                    <string>2436</string>
                    <string>2438</string>
                    <string>2440</string>
                    <string>2442</string>
                    <string>2444</string>
                    <string>2446</string>
                    <string>2448</string>
                    <string>2450</string>
                    <string>2452</string>
                    <string>2463</string>
                    <string>3574</string>
                    <string>4142</string>
                    <string>4144</string>
                    <string>4146</string>
                    <string>4148</string>
                    <string>4150</string>
                    <string>4185</string>
                    <string>4187</string>
                    <string>4189</string>
                    <string>4191</string>
                </array>
                <key>childLinkers</key>
                <array>
                    <string>2464</string>
                    <string>2481</string>
                    <string>2482</string>
                    <string>2483</string>
                    <string>2484</string>
                    <string>2485</string>
                    <string>2486</string>
                    <string>2487</string>
                    <string>2488</string>
                    <string>2489</string>
                    <string>2490</string>
                    <string>2491</string>
                    <string>2492</string>
                    <string>2493</string>
                    <string>2494</string>
                    <string>2495</string>
                    <string>2496</string>
                </array>
            </dict>
            <dict>
                <key>id</key>
                <string>5191</string>
                <key>children</key>
                <array>
                    <string>5195</string>
                    <string>5197</string>
                    <string>5199</string>
                    <string>5201</string>
                    <string>5203</string>
                    <string>5205</string>
                    <string>5207</string>
                    <string>5209</string>
                    <string>5211</string>
                    <string>5213</string>
                    <string>5215</string>
                    <string>5217</string>
                    <string>5219</string>
                    <string>5230</string>
                    <string>5232</string>
                    <string>5252</string>
                    <string>5264</string>
                    <string>5266</string>
                    <string>5268</string>
                    <string>5285</string>
                    <string>5287</string>
                    <string>5291</string>
                    <string>5293</string>
                    <string>5295</string>
                    <string>5297</string>
                    <string>5318</string>
                    <string>5464</string>
                    <string>5470</string>
                    <string>5476</string>
                    <string>5482</string>
                    <string>5488</string>
                    <string>5494</string>
                    <string>5500</string>
                    <string>5510</string>
                    <string>5521</string>
                    <string>5543</string>
                    <string>5545</string>
                    <string>5547</string>
                    <string>5583</string>
                    <string>5585</string>
                    <string>5587</string>
                    <string>5589</string>
                    <string>5591</string>
                    <string>5602</string>
                    <string>5604</string>
                    <string>5606</string>
                    <string>5608</string>
                    <string>5668</string>
                </array>
                <key>childLinkers</key>
                <array/>
            </dict>
            <dict>
                <key>id</key>
                <string>2504</string>
                <key>children</key>
                <array>
                    <string>2515</string>
                    <string>2517</string>
                    <string>2519</string>
                    <string>2541</string>
                    <string>2543</string>
                    <string>2545</string>
                    <string>2566</string>
                    <string>2568</string>
                    <string>2570</string>
                    <string>2572</string>
                    <string>2574</string>
                    <string>2576</string>
                    <string>2578</string>
                    <string>2580</string>
                    <string>2582</string>
                    <string>2584</string>
                    <string>2597</string>
                    <string>2599</string>
                    <string>2601</string>
                    <string>2603</string>
                    <string>2605</string>
                    <string>2758</string>
                    <string>2760</string>
                    <string>4195</string>
                    <string>4197</string>
                    <string>4199</string>
                    <string>4201</string>
                    <string>4203</string>
                    <string>4205</string>
                    <string>4207</string>
                    <string>4209</string>
                </array>
                <key>childLinkers</key>
                <array>
                    <string>2761</string>
                </array>
            </dict>
            <dict>
                <key>id</key>
                <string>2621</string>
                <key>children</key>
                <array>
                    <string>2632</string>
                    <string>2634</string>
                    <string>2636</string>
                    <string>2656</string>
                    <string>2658</string>
                    <string>2660</string>
                    <string>2662</string>
                    <string>2664</string>
                    <string>2666</string>
                    <string>2668</string>
                    <string>2670</string>
                    <string>2681</string>
                    <string>2683</string>
                    <string>2685</string>
                    <string>2687</string>
                    <string>2689</string>
                    <string>2691</string>
                    <string>2693</string>
                    <string>2695</string>
                    <string>2697</string>
                    <string>2708</string>
                    <string>2719</string>
                    <string>2731</string>
                    <string>2742</string>
                    <string>4213</string>
                    <string>4215</string>
                    <string>4217</string>
                    <string>4219</string>
                    <string>4221</string>
                    <string>4223</string>
                    <string>4225</string>
                    <string>4228</string>
                    <string>4230</string>
                    <string>4232</string>
                    <string>4234</string>
                    <string>4236</string>
                </array>
                <key>childLinkers</key>
                <array/>
            </dict>
            <dict>
                <key>id</key>
                <string>1249</string>
                <key>children</key>
                <array>
                    <string>1251</string>
                </array>
                <key>childLinkers</key>
                <array/>
            </dict>
            <dict>
                <key>id</key>
                <string>2830</string>
                <key>children</key>
                <array>
                    <string>2841</string>
                    <string>2843</string>
                    <string>2845</string>
                    <string>2847</string>
                    <string>2849</string>
                    <string>2863</string>
                    <string>2865</string>
                    <string>2867</string>
                    <string>2869</string>
                    <string>2871</string>
                    <string>2873</string>
                    <string>2875</string>
                    <string>2877</string>
                    <string>2879</string>
                    <string>2896</string>
                    <string>2907</string>
                    <string>2909</string>
                    <string>2911</string>
                    <string>2913</string>
                    <string>2915</string>
                    <string>2917</string>
                    <string>2933</string>
                    <string>2944</string>
                    <string>2955</string>
                    <string>3000</string>
                    <string>3006</string>
                    <string>3012</string>
                    <string>3020</string>
                    <string>3026</string>
                    <string>3040</string>
                    <string>4242</string>
                    <string>4244</string>
                    <string>4246</string>
                    <string>4248</string>
                    <string>4250</string>
                    <string>4253</string>
                    <string>4255</string>
                    <string>4257</string>
                    <string>4259</string>
                    <string>4261</string>
                    <string>4263</string>
                    <string>4265</string>
                </array>
                <key>childLinkers</key>
                <array/>
            </dict>
            <dict>
                <key>id</key>
                <string>3076</string>
                <key>children</key>
                <array>
                    <string>3099</string>
                    <string>3107</string>
                    <string>3109</string>
                    <string>3111</string>
                    <string>3113</string>
                    <string>3115</string>
                    <string>3117</string>
                    <string>3119</string>
                    <string>3121</string>
                    <string>3123</string>
                    <string>3134</string>
                    <string>3148</string>
                    <string>3150</string>
                    <string>3152</string>
                    <string>3166</string>
                    <string>3168</string>
                    <string>3170</string>
                    <string>3172</string>
                    <string>3174</string>
                    <string>3176</string>
                    <string>3178</string>
                    <string>3180</string>
                    <string>3182</string>
                    <string>3184</string>
                    <string>3186</string>
                    <string>3188</string>
                    <string>3190</string>
                    <string>3192</string>
                    <string>3194</string>
                    <string>3196</string>
                    <string>3198</string>
                    <string>3200</string>
                    <string>3202</string>
                    <string>3204</string>
                    <string>3206</string>
                    <string>3208</string>
                    <string>3210</string>
                    <string>3212</string>
                    <string>3214</string>
                    <string>3216</string>
                    <string>3218</string>
                    <string>3220</string>
                    <string>3222</string>
                    <string>3224</string>
                    <string>3226</string>
                    <string>3228</string>
                    <string>3230</string>
                    <string>3232</string>
                    <string>3234</string>
                    <string>3236</string>
                    <string>3238</string>
                    <string>3240</string>
                    <string>3246</string>
                    <string>3248</string>
                    <string>3250</string>
                    <string>3252</string>
                    <string>3254</string>
                    <string>3256</string>
                    <string>3258</string>
                    <string>3260</string>
                    <string>3268</string>
                    <string>3270</string>
                    <string>3283</string>
                    <string>3336</string>
                    <string>3338</string>
                    <string>3340</string>
                    <string>3342</string>
                    <string>3344</string>
                    <string>3346</string>
                    <string>3348</string>
                    <string>3350</string>
                    <string>3352</string>
                    <string>3354</string>
                    <string>3356</string>
                    <string>3358</string>
                    <string>3360</string>
                    <string>3362</string>
                    <string>3364</string>
                    <string>3381</string>
                    <string>3412</string>
                    <string>3414</string>
                    <string>3422</string>
                    <string>3424</string>
                    <string>3426</string>
                    <string>3428</string>
                    <string>3430</string>
                    <string>3432</string>
                    <string>3434</string>
                    <string>3436</string>
                    <string>3438</string>
                    <string>3440</string>
                    <string>3442</string>
                    <string>3444</string>
                    <string>3449</string>
                    <string>3455</string>
                    <string>3464</string>
                    <string>3495</string>
                    <string>3501</string>
                    <string>3513</string>
                    <string>3515</string>
                    <string>3517</string>
                    <string>3519</string>
                    <string>3521</string>
                    <string>3529</string>
                    <string>3540</string>
                    <string>4269</string>
                    <string>4271</string>
                    <string>4273</string>
                    <string>4275</string>
                    <string>4278</string>
                    <string>4280</string>
                    <string>4282</string>
                    <string>4285</string>
                    <string>4287</string>
                    <string>4289</string>
                    <string>4292</string>
                    <string>4294</string>
                    <string>4296</string>
                    <string>4298</string>
                    <string>4300</string>
                </array>
                <key>childLinkers</key>
                <array/>
            </dict>
            <dict>
                <key>id</key>
                <string>3752</string>
                <key>children</key>
                <array>
                    <string>3753</string>
                    <string>3755</string>
                    <string>3758</string>
                    <string>3874</string>
                    <string>3876</string>
                    <string>3878</string>
                    <string>3880</string>
                    <string>3882</string>
                    <string>3884</string>
                    <string>3886</string>
                    <string>3888</string>
                    <string>3890</string>
                    <string>3892</string>
                    <string>3894</string>
                    <string>3896</string>
                    <string>3898</string>
                    <string>3900</string>
                    <string>3902</string>
                    <string>3904</string>
                    <string>3906</string>
                    <string>3908</string>
                    <string>3910</string>
                    <string>3918</string>
                    <string>3922</string>
                    <string>3939</string>
                    <string>3945</string>
                    <string>3953</string>
                    <string>3958</string>
                    <string>3962</string>
                    <string>3967</string>
                    <string>3977</string>
                    <string>4002</string>
                    <string>4016</string>
                    <string>4067</string>
                    <string>4079</string>
                    <string>4081</string>
                    <string>4083</string>
                    <string>4085</string>
                    <string>4087</string>
                    <string>4089</string>
                    <string>4091</string>
                    <string>4095</string>
                    <string>4097</string>
                    <string>4099</string>
                    <string>4101</string>
                    <string>4103</string>
                    <string>4105</string>
                    <string>4107</string>
                    <string>5681</string>
                </array>
                <key>childLinkers</key>
                <array/>
            </dict>
            <dict>
                <key>id</key>
                <string>104</string>
                <key>children</key>
                <array>
                    <string>394</string>
                    <string>426</string>
                    <string>463</string>
                    <string>475</string>
                    <string>484</string>
                    <string>499</string>
                    <string>582</string>
                    <string>594</string>
                    <string>596</string>
                    <string>755</string>
                    <string>935</string>
                    <string>951</string>
                </array>
                <key>childLinkers</key>
                <array/>
            </dict>
            <dict>
                <key>id</key>
                <string>938</string>
                <key>children</key>
                <array>
                    <string>1113</string>
                </array>
                <key>childLinkers</key>
                <array/>
            </dict>
            <dict>
                <key>id</key>
                <string>939</string>
                <key>children</key>
                <array>
                    <string>1017</string>
                    <string>1035</string>
                    <string>1047</string>
                    <string>1133</string>
                    <string>1154</string>
                </array>
                <key>childLinkers</key>
                <array/>
            </dict>
        </array>
    </dict>
</plist>
