<?xml version="1.0" encoding="UTF-8"?>
<!DOCTYPE plist PUBLIC "-//Apple//DTD PLIST 1.0//EN" "http://www.apple.com/DTDs/PropertyList-1.0.dtd"/>

<plist version="1.0">
    <dict>
        <key>ROOT</key>
        <array>
            <dict>
                <key>id</key>
                <string>394</string>
            </dict>
            <dict>
                <key>id</key>
                <string>1285</string>
            </dict>
            <dict>
                <key>id</key>
                <string>3753</string>
            </dict>
            <dict>
                <key>id</key>
                <string>3755</string>
            </dict>
            <dict>
                <key>id</key>
                <string>3939</string>
            </dict>
            <dict>
                <key>id</key>
                <string>3945</string>
            </dict>
            <dict>
                <key>id</key>
                <string>3958</string>
            </dict>
            <dict>
                <key>id</key>
                <string>3967</string>
            </dict>
        </array>
    </dict>
</plist>
