<?xml version="1.0" encoding="UTF-8"?>
<!DOCTYPE plist PUBLIC "-//Apple//DTD PLIST 1.0//EN" "http://www.apple.com/DTDs/PropertyList-1.0.dtd"/>

<plist version="1.0">
    <dict>
        <key>ROOT</key>
        <array>
            <dict>
                <key>id</key>
                <string>1382</string>
            </dict>
            <dict>
                <key>id</key>
                <string>1568</string>
                <key>Image</key>
                <dict>
                    <key>value</key>
                    <string>1566</string>
                </dict>
            </dict>
            <dict>
                <key>id</key>
                <string>1574</string>
                <key>Image</key>
                <dict>
                    <key>value</key>
                    <string>1575</string>
                </dict>
            </dict>
            <dict>
                <key>id</key>
                <string>1608</string>
                <key>Image</key>
                <dict>
                    <key>value</key>
                    <string>1606</string>
                </dict>
            </dict>
            <dict>
                <key>id</key>
                <string>1611</string>
                <key>Image</key>
                <dict>
                    <key>value</key>
                    <string>1609</string>
                </dict>
            </dict>
            <dict>
                <key>id</key>
                <string>1648</string>
                <key>Image</key>
                <dict>
                    <key>value</key>
                    <string>1575</string>
                </dict>
            </dict>
            <dict>
                <key>id</key>
                <string>4336</string>
            </dict>
            <dict>
                <key>id</key>
                <string>4338</string>
                <key>Image</key>
                <dict>
                    <key>value</key>
                    <string>4340</string>
                </dict>
            </dict>
            <dict>
                <key>id</key>
                <string>4353</string>
            </dict>
            <dict>
                <key>id</key>
                <string>4368</string>
            </dict>
            <dict>
                <key>id</key>
                <string>4414</string>
                <key>Image</key>
                <dict>
                    <key>value</key>
                    <string>4412</string>
                </dict>
            </dict>
            <dict>
                <key>id</key>
                <string>4416</string>
                <key>Image</key>
                <dict>
                    <key>value</key>
                    <string>4412</string>
                </dict>
            </dict>
            <dict>
                <key>id</key>
                <string>4419</string>
                <key>Image</key>
                <dict>
                    <key>value</key>
                    <string>4417</string>
                </dict>
            </dict>
            <dict>
                <key>id</key>
                <string>4421</string>
                <key>Image</key>
                <dict>
                    <key>value</key>
                    <string>4417</string>
                </dict>
            </dict>
            <dict>
                <key>id</key>
                <string>4431</string>
                <key>Image</key>
                <dict>
                    <key>value</key>
                    <string>4429</string>
                </dict>
            </dict>
            <dict>
                <key>id</key>
                <string>4433</string>
                <key>Image</key>
                <dict>
                    <key>value</key>
                    <string>4429</string>
                </dict>
            </dict>
            <dict>
                <key>id</key>
                <string>4436</string>
                <key>Image</key>
                <dict>
                    <key>value</key>
                    <string>4434</string>
                </dict>
            </dict>
            <dict>
                <key>id</key>
                <string>4442</string>
                <key>Image</key>
                <dict>
                    <key>value</key>
                    <string>4440</string>
                </dict>
            </dict>
            <dict>
                <key>id</key>
                <string>4444</string>
                <key>Image</key>
                <dict>
                    <key>value</key>
                    <string>4440</string>
                </dict>
            </dict>
            <dict>
                <key>id</key>
                <string>4447</string>
                <key>Image</key>
                <dict>
                    <key>value</key>
                    <string>4445</string>
                </dict>
            </dict>
            <dict>
                <key>id</key>
                <string>4449</string>
                <key>Image</key>
                <dict>
                    <key>value</key>
                    <string>4445</string>
                </dict>
            </dict>
            <dict>
                <key>id</key>
                <string>4459</string>
                <key>Image</key>
                <dict>
                    <key>value</key>
                    <string>4457</string>
                </dict>
            </dict>
            <dict>
                <key>id</key>
                <string>4461</string>
                <key>Image</key>
                <dict>
                    <key>value</key>
                    <string>4457</string>
                </dict>
            </dict>
            <dict>
                <key>id</key>
                <string>4464</string>
                <key>Image</key>
                <dict>
                    <key>value</key>
                    <string>4462</string>
                </dict>
            </dict>
            <dict>
                <key>id</key>
                <string>4466</string>
                <key>Image</key>
                <dict>
                    <key>value</key>
                    <string>4462</string>
                </dict>
            </dict>
            <dict>
                <key>id</key>
                <string>4469</string>
                <key>Image</key>
                <dict>
                    <key>value</key>
                    <string>4467</string>
                </dict>
            </dict>
            <dict>
                <key>id</key>
                <string>4471</string>
                <key>Image</key>
                <dict>
                    <key>value</key>
                    <string>4467</string>
                </dict>
            </dict>
            <dict>
                <key>id</key>
                <string>4486</string>
                <key>Image</key>
                <dict>
                    <key>value</key>
                    <string>4484</string>
                </dict>
            </dict>
            <dict>
                <key>id</key>
                <string>4488</string>
                <key>Image</key>
                <dict>
                    <key>value</key>
                    <string>4484</string>
                </dict>
            </dict>
        </array>
    </dict>
</plist>
