<?xml version="1.0" encoding="UTF-8"?>
<!DOCTYPE plist PUBLIC "-//Apple//DTD PLIST 1.0//EN" "http://www.apple.com/DTDs/PropertyList-1.0.dtd"/>

<plist version="1.0">
    <dict>
        <key>ROOT</key>
        <array>
            <dict>
                <key>id</key>
                <string>107</string>
                <key>sprites</key>
                <array>
                    <string>4718</string>
                    <string>1573</string>
                    <string>1711</string>
                    <string>1771</string>
                    <string>1770</string>
                    <string>1769</string>
                    <string>1768</string>
                    <string>5082</string>
                    <string>4822</string>
                    <string>5177</string>
                    <string>5143</string>
                    <string>4756</string>
                    <string>3682</string>
                    <string>3706</string>
                    <string>442</string>
                    <string>4811</string>
                    <string>342</string>
                    <string>4381</string>
                    <string>4332</string>
                    <string>4386</string>
                    <string>4341</string>
                    <string>4054</string>
                    <string>3982</string>
                    <string>4058</string>
                    <string>4056</string>
                    <string>4055</string>
                    <string>4057</string>
                    <string>4053</string>
                    <string>4393</string>
                    <string>4375</string>
                    <string>4413</string>
                    <string>4418</string>
                    <string>4403</string>
                    <string>4485</string>
                    <string>4430</string>
                    <string>4398</string>
                    <string>1576</string>
                    <string>3731</string>
                    <string>3719</string>
                    <string>1848</string>
                    <string>1745</string>
                    <string>1610</string>
                    <string>1607</string>
                    <string>1604</string>
                    <string>5221</string>
                    <string>1936</string>
                    <string>1914</string>
                    <string>4945</string>
                    <string>4890</string>
                    <string>1903</string>
                    <string>1891</string>
                    <string>1875</string>
                    <string>4604</string>
                    <string>4721</string>
                    <string>1723</string>
                    <string>1680</string>
                    <string>1734</string>
                    <string>1567</string>
                    <string>1490</string>
                    <string>1484</string>
                    <string>2293</string>
                    <string>1502</string>
                    <string>4836</string>
                    <string>4666</string>
                    <string>151</string>
                    <string>110</string>
                    <string>1756</string>
                    <string>2305</string>
                </array>
            </dict>
            <dict>
                <key>id</key>
                <string>1677</string>
                <key>sprites</key>
                <array>
                    <string>1676</string>
                    <string>1774</string>
                    <string>1773</string>
                    <string>1772</string>
                    <string>1775</string>
                    <string>1776</string>
                    <string>1777</string>
                    <string>1779</string>
                    <string>1778</string>
                    <string>1800</string>
                    <string>1799</string>
                    <string>1798</string>
                    <string>2281</string>
                    <string>2506</string>
                    <string>2623</string>
                    <string>2454</string>
                    <string>2352</string>
                    <string>2270</string>
                    <string>2230</string>
                    <string>1948</string>
                    <string>2749</string>
                    <string>2557</string>
                    <string>2195</string>
                    <string>2710</string>
                    <string>2699</string>
                    <string>2733</string>
                </array>
            </dict>
            <dict>
                <key>id</key>
                <string>1802</string>
                <key>sprites</key>
                <array>
                    <string>2011</string>
                    <string>2002</string>
                    <string>1992</string>
                    <string>1974</string>
                    <string>1983</string>
                    <string>2024</string>
                    <string>2045</string>
                    <string>2044</string>
                    <string>2043</string>
                    <string>1803</string>
                    <string>1801</string>
                    <string>1804</string>
                    <string>1805</string>
                    <string>1806</string>
                    <string>1807</string>
                    <string>1808</string>
                    <string>1809</string>
                    <string>1812</string>
                    <string>1813</string>
                    <string>1810</string>
                    <string>1814</string>
                    <string>1811</string>
                    <string>1815</string>
                    <string>1816</string>
                    <string>1817</string>
                    <string>1818</string>
                    <string>2588</string>
                    <string>4435</string>
                    <string>2898</string>
                    <string>3327</string>
                    <string>2832</string>
                    <string>3139</string>
                    <string>3125</string>
                    <string>3090</string>
                    <string>2887</string>
                </array>
            </dict>
            <dict>
                <key>id</key>
                <string>2047</string>
                <key>sprites</key>
                <array>
                    <string>2050</string>
                    <string>2049</string>
                    <string>2048</string>
                    <string>2051</string>
                    <string>2076</string>
                    <string>2075</string>
                    <string>2087</string>
                    <string>2077</string>
                    <string>2052</string>
                    <string>2046</string>
                    <string>2086</string>
                    <string>2083</string>
                    <string>2082</string>
                    <string>2078</string>
                    <string>2084</string>
                    <string>2081</string>
                    <string>2079</string>
                    <string>2085</string>
                    <string>2080</string>
                    <string>2074</string>
                    <string>2053</string>
                    <string>2055</string>
                    <string>2054</string>
                    <string>2139</string>
                    <string>2140</string>
                    <string>2121</string>
                    <string>2919</string>
                    <string>2607</string>
                    <string>4458</string>
                    <string>4446</string>
                    <string>4441</string>
                </array>
            </dict>
            <dict>
                <key>id</key>
                <string>2089</string>
                <key>sprites</key>
                <array>
                    <string>2181</string>
                    <string>2219</string>
                    <string>2207</string>
                    <string>2088</string>
                    <string>2090</string>
                    <string>2091</string>
                    <string>2092</string>
                    <string>2093</string>
                    <string>2094</string>
                    <string>2125</string>
                    <string>2124</string>
                    <string>2126</string>
                    <string>2123</string>
                    <string>2122</string>
                    <string>2127</string>
                    <string>2128</string>
                    <string>2129</string>
                    <string>2130</string>
                    <string>2131</string>
                    <string>2134</string>
                    <string>2135</string>
                    <string>2132</string>
                    <string>2136</string>
                    <string>2133</string>
                    <string>2137</string>
                    <string>2138</string>
                    <string>3078</string>
                    <string>3531</string>
                </array>
            </dict>
            <dict>
                <key>id</key>
                <string>2722</string>
                <key>sprites</key>
                <array>
                    <string>4931</string>
                    <string>2721</string>
                    <string>5512</string>
                    <string>5450</string>
                    <string>4477</string>
                    <string>4453</string>
                    <string>4425</string>
                    <string>4468</string>
                    <string>4463</string>
                </array>
            </dict>
        </array>
    </dict>
</plist>
