<?xml version="1.0" encoding="UTF-8"?>
<!DOCTYPE plist PUBLIC "-//Apple//DTD PLIST 1.0//EN" "http://www.apple.com/DTDs/PropertyList-1.0.dtd"/>

<plist version="1.0">
    <dict>
        <key>ROOT</key>
        <array>
            <dict>
                <key>id</key>
                <string>962</string>
            </dict>
            <dict>
                <key>id</key>
                <string>963</string>
            </dict>
            <dict>
                <key>id</key>
                <string>1269</string>
            </dict>
            <dict>
                <key>id</key>
                <string>1292</string>
            </dict>
            <dict>
                <key>id</key>
                <string>2768</string>
            </dict>
            <dict>
                <key>id</key>
                <string>2770</string>
            </dict>
            <dict>
                <key>id</key>
                <string>2772</string>
            </dict>
            <dict>
                <key>id</key>
                <string>2773</string>
            </dict>
            <dict>
                <key>id</key>
                <string>2774</string>
            </dict>
            <dict>
                <key>id</key>
                <string>2775</string>
            </dict>
            <dict>
                <key>id</key>
                <string>2776</string>
            </dict>
            <dict>
                <key>id</key>
                <string>2777</string>
            </dict>
            <dict>
                <key>id</key>
                <string>2778</string>
            </dict>
            <dict>
                <key>id</key>
                <string>2779</string>
            </dict>
            <dict>
                <key>id</key>
                <string>2788</string>
            </dict>
            <dict>
                <key>id</key>
                <string>2804</string>
            </dict>
            <dict>
                <key>id</key>
                <string>4955</string>
            </dict>
            <dict>
                <key>id</key>
                <string>4973</string>
            </dict>
            <dict>
                <key>id</key>
                <string>4975</string>
            </dict>
            <dict>
                <key>id</key>
                <string>4977</string>
            </dict>
            <dict>
                <key>id</key>
                <string>4979</string>
            </dict>
            <dict>
                <key>id</key>
                <string>4981</string>
            </dict>
            <dict>
                <key>id</key>
                <string>4983</string>
            </dict>
            <dict>
                <key>id</key>
                <string>4985</string>
            </dict>
            <dict>
                <key>id</key>
                <string>4987</string>
            </dict>
            <dict>
                <key>id</key>
                <string>4989</string>
            </dict>
            <dict>
                <key>id</key>
                <string>4991</string>
            </dict>
            <dict>
                <key>id</key>
                <string>4993</string>
            </dict>
            <dict>
                <key>id</key>
                <string>5001</string>
            </dict>
        </array>
    </dict>
</plist>
