<?xml version="1.0" encoding="UTF-8"?>
<!DOCTYPE plist PUBLIC "-//Apple//DTD PLIST 1.0//EN" "http://www.apple.com/DTDs/PropertyList-1.0.dtd"/>

<plist version="1.0">
    <dict>
        <key>ROOT</key>
        <array>
            <dict>
                <key>id</key>
                <string>113</string>
                <key>children</key>
                <array>
                    <string>114</string>
                </array>
            </dict>
            <dict>
                <key>id</key>
                <string>130</string>
                <key>children</key>
                <array>
                    <string>447</string>
                </array>
            </dict>
            <dict>
                <key>id</key>
                <string>154</string>
                <key>children</key>
                <array>
                    <string>155</string>
                </array>
            </dict>
            <dict>
                <key>id</key>
                <string>345</string>
                <key>children</key>
                <array>
                    <string>346</string>
                </array>
            </dict>
            <dict>
                <key>id</key>
                <string>403</string>
                <key>children</key>
                <array/>
            </dict>
            <dict>
                <key>id</key>
                <string>812</string>
                <key>children</key>
                <array/>
            </dict>
            <dict>
                <key>id</key>
                <string>838</string>
                <key>children</key>
                <array/>
            </dict>
            <dict>
                <key>id</key>
                <string>849</string>
                <key>children</key>
                <array/>
            </dict>
            <dict>
                <key>id</key>
                <string>865</string>
                <key>children</key>
                <array/>
            </dict>
            <dict>
                <key>id</key>
                <string>979</string>
                <key>children</key>
                <array>
                    <string>984</string>
                </array>
            </dict>
            <dict>
                <key>id</key>
                <string>1167</string>
                <key>children</key>
                <array/>
            </dict>
            <dict>
                <key>id</key>
                <string>1174</string>
                <key>children</key>
                <array/>
            </dict>
            <dict>
                <key>id</key>
                <string>1683</string>
                <key>children</key>
                <array>
                    <string>1684</string>
                </array>
            </dict>
            <dict>
                <key>id</key>
                <string>1714</string>
                <key>children</key>
                <array>
                    <string>1715</string>
                </array>
            </dict>
            <dict>
                <key>id</key>
                <string>1726</string>
                <key>children</key>
                <array>
                    <string>1727</string>
                </array>
            </dict>
            <dict>
                <key>id</key>
                <string>1737</string>
                <key>children</key>
                <array>
                    <string>1738</string>
                </array>
            </dict>
            <dict>
                <key>id</key>
                <string>1748</string>
                <key>children</key>
                <array>
                    <string>1749</string>
                </array>
            </dict>
            <dict>
                <key>id</key>
                <string>1759</string>
                <key>children</key>
                <array>
                    <string>1760</string>
                </array>
            </dict>
            <dict>
                <key>id</key>
                <string>1793</string>
                <key>children</key>
                <array>
                    <string>1794</string>
                </array>
            </dict>
            <dict>
                <key>id</key>
                <string>1840</string>
                <key>children</key>
                <array>
                    <string>1841</string>
                </array>
            </dict>
            <dict>
                <key>id</key>
                <string>1851</string>
                <key>children</key>
                <array>
                    <string>1852</string>
                </array>
            </dict>
            <dict>
                <key>id</key>
                <string>1878</string>
                <key>children</key>
                <array>
                    <string>1879</string>
                </array>
            </dict>
            <dict>
                <key>id</key>
                <string>1894</string>
                <key>children</key>
                <array>
                    <string>1895</string>
                </array>
            </dict>
            <dict>
                <key>id</key>
                <string>1906</string>
                <key>children</key>
                <array>
                    <string>1907</string>
                </array>
            </dict>
            <dict>
                <key>id</key>
                <string>1917</string>
                <key>children</key>
                <array>
                    <string>1918</string>
                </array>
            </dict>
            <dict>
                <key>id</key>
                <string>1939</string>
                <key>children</key>
                <array>
                    <string>1940</string>
                </array>
            </dict>
            <dict>
                <key>id</key>
                <string>1951</string>
                <key>children</key>
                <array>
                    <string>1952</string>
                </array>
            </dict>
            <dict>
                <key>id</key>
                <string>1977</string>
                <key>children</key>
                <array>
                    <string>1978</string>
                </array>
            </dict>
            <dict>
                <key>id</key>
                <string>1986</string>
                <key>children</key>
                <array>
                    <string>1987</string>
                </array>
            </dict>
            <dict>
                <key>id</key>
                <string>1995</string>
                <key>children</key>
                <array>
                    <string>1996</string>
                </array>
            </dict>
            <dict>
                <key>id</key>
                <string>2005</string>
                <key>children</key>
                <array>
                    <string>2006</string>
                </array>
            </dict>
            <dict>
                <key>id</key>
                <string>2014</string>
                <key>children</key>
                <array>
                    <string>2015</string>
                </array>
            </dict>
            <dict>
                <key>id</key>
                <string>2027</string>
                <key>children</key>
                <array>
                    <string>2028</string>
                    <string>2962</string>
                </array>
            </dict>
            <dict>
                <key>id</key>
                <string>2069</string>
                <key>children</key>
                <array>
                    <string>2070</string>
                    <string>2974</string>
                </array>
            </dict>
            <dict>
                <key>id</key>
                <string>2116</string>
                <key>children</key>
                <array>
                    <string>2117</string>
                    <string>2968</string>
                </array>
            </dict>
            <dict>
                <key>id</key>
                <string>2162</string>
                <key>children</key>
                <array>
                    <string>2163</string>
                    <string>2980</string>
                </array>
            </dict>
            <dict>
                <key>id</key>
                <string>2184</string>
                <key>children</key>
                <array>
                    <string>2185</string>
                </array>
            </dict>
            <dict>
                <key>id</key>
                <string>2198</string>
                <key>children</key>
                <array>
                    <string>2199</string>
                </array>
            </dict>
            <dict>
                <key>id</key>
                <string>2210</string>
                <key>children</key>
                <array>
                    <string>2211</string>
                </array>
            </dict>
            <dict>
                <key>id</key>
                <string>2222</string>
                <key>children</key>
                <array>
                    <string>2223</string>
                </array>
            </dict>
            <dict>
                <key>id</key>
                <string>2233</string>
                <key>children</key>
                <array>
                    <string>2234</string>
                </array>
            </dict>
            <dict>
                <key>id</key>
                <string>2273</string>
                <key>children</key>
                <array>
                    <string>2274</string>
                </array>
            </dict>
            <dict>
                <key>id</key>
                <string>2284</string>
                <key>children</key>
                <array>
                    <string>2285</string>
                </array>
            </dict>
            <dict>
                <key>id</key>
                <string>2296</string>
                <key>children</key>
                <array>
                    <string>2297</string>
                </array>
            </dict>
            <dict>
                <key>id</key>
                <string>2308</string>
                <key>children</key>
                <array>
                    <string>2309</string>
                </array>
            </dict>
            <dict>
                <key>id</key>
                <string>2355</string>
                <key>children</key>
                <array>
                    <string>2356</string>
                </array>
            </dict>
            <dict>
                <key>id</key>
                <string>2457</string>
                <key>children</key>
                <array>
                    <string>2458</string>
                </array>
            </dict>
            <dict>
                <key>id</key>
                <string>2509</string>
                <key>children</key>
                <array>
                    <string>2510</string>
                </array>
            </dict>
            <dict>
                <key>id</key>
                <string>2560</string>
                <key>children</key>
                <array>
                    <string>2561</string>
                </array>
            </dict>
            <dict>
                <key>id</key>
                <string>2591</string>
                <key>children</key>
                <array>
                    <string>2592</string>
                </array>
            </dict>
            <dict>
                <key>id</key>
                <string>2610</string>
                <key>children</key>
                <array>
                    <string>2611</string>
                </array>
            </dict>
            <dict>
                <key>id</key>
                <string>2626</string>
                <key>children</key>
                <array>
                    <string>2627</string>
                </array>
            </dict>
            <dict>
                <key>id</key>
                <string>2702</string>
                <key>children</key>
                <array>
                    <string>2703</string>
                </array>
            </dict>
            <dict>
                <key>id</key>
                <string>2713</string>
                <key>children</key>
                <array>
                    <string>2714</string>
                </array>
            </dict>
            <dict>
                <key>id</key>
                <string>2725</string>
                <key>children</key>
                <array>
                    <string>2726</string>
                </array>
            </dict>
            <dict>
                <key>id</key>
                <string>2736</string>
                <key>children</key>
                <array>
                    <string>2737</string>
                </array>
            </dict>
            <dict>
                <key>id</key>
                <string>2752</string>
                <key>children</key>
                <array>
                    <string>2753</string>
                </array>
            </dict>
            <dict>
                <key>id</key>
                <string>2835</string>
                <key>children</key>
                <array>
                    <string>2836</string>
                </array>
            </dict>
            <dict>
                <key>id</key>
                <string>2890</string>
                <key>children</key>
                <array>
                    <string>2891</string>
                </array>
            </dict>
            <dict>
                <key>id</key>
                <string>2901</string>
                <key>children</key>
                <array>
                    <string>2902</string>
                </array>
            </dict>
            <dict>
                <key>id</key>
                <string>2922</string>
                <key>children</key>
                <array>
                    <string>2923</string>
                </array>
            </dict>
            <dict>
                <key>id</key>
                <string>3081</string>
                <key>children</key>
                <array>
                    <string>3082</string>
                </array>
            </dict>
            <dict>
                <key>id</key>
                <string>3093</string>
                <key>children</key>
                <array>
                    <string>3094</string>
                </array>
            </dict>
            <dict>
                <key>id</key>
                <string>3128</string>
                <key>children</key>
                <array>
                    <string>3129</string>
                </array>
            </dict>
            <dict>
                <key>id</key>
                <string>3142</string>
                <key>children</key>
                <array>
                    <string>3143</string>
                </array>
            </dict>
            <dict>
                <key>id</key>
                <string>3330</string>
                <key>children</key>
                <array>
                    <string>3331</string>
                </array>
            </dict>
            <dict>
                <key>id</key>
                <string>3534</string>
                <key>children</key>
                <array>
                    <string>3535</string>
                </array>
            </dict>
            <dict>
                <key>id</key>
                <string>3685</string>
                <key>children</key>
                <array>
                    <string>3686</string>
                </array>
            </dict>
            <dict>
                <key>id</key>
                <string>3709</string>
                <key>children</key>
                <array>
                    <string>3710</string>
                </array>
            </dict>
            <dict>
                <key>id</key>
                <string>3722</string>
                <key>children</key>
                <array>
                    <string>3723</string>
                </array>
            </dict>
            <dict>
                <key>id</key>
                <string>3734</string>
                <key>children</key>
                <array>
                    <string>3735</string>
                </array>
            </dict>
            <dict>
                <key>id</key>
                <string>3985</string>
                <key>children</key>
                <array>
                    <string>3986</string>
                </array>
            </dict>
            <dict>
                <key>id</key>
                <string>4061</string>
                <key>children</key>
                <array>
                    <string>4062</string>
                </array>
            </dict>
            <dict>
                <key>id</key>
                <string>4607</string>
                <key>children</key>
                <array>
                    <string>4608</string>
                </array>
            </dict>
            <dict>
                <key>id</key>
                <string>4669</string>
                <key>children</key>
                <array>
                    <string>4670</string>
                </array>
            </dict>
            <dict>
                <key>id</key>
                <string>4724</string>
                <key>children</key>
                <array>
                    <string>4725</string>
                </array>
            </dict>
            <dict>
                <key>id</key>
                <string>4759</string>
                <key>children</key>
                <array>
                    <string>4760</string>
                </array>
            </dict>
            <dict>
                <key>id</key>
                <string>4814</string>
                <key>children</key>
                <array>
                    <string>4815</string>
                </array>
            </dict>
            <dict>
                <key>id</key>
                <string>4825</string>
                <key>children</key>
                <array>
                    <string>4826</string>
                </array>
            </dict>
            <dict>
                <key>id</key>
                <string>4839</string>
                <key>children</key>
                <array>
                    <string>4840</string>
                </array>
            </dict>
            <dict>
                <key>id</key>
                <string>4893</string>
                <key>children</key>
                <array>
                    <string>4894</string>
                </array>
            </dict>
            <dict>
                <key>id</key>
                <string>4934</string>
                <key>children</key>
                <array>
                    <string>4935</string>
                </array>
            </dict>
            <dict>
                <key>id</key>
                <string>4948</string>
                <key>children</key>
                <array>
                    <string>4949</string>
                </array>
            </dict>
            <dict>
                <key>id</key>
                <string>5085</string>
                <key>children</key>
                <array>
                    <string>5086</string>
                </array>
            </dict>
            <dict>
                <key>id</key>
                <string>5146</string>
                <key>children</key>
                <array>
                    <string>5147</string>
                </array>
            </dict>
            <dict>
                <key>id</key>
                <string>5180</string>
                <key>children</key>
                <array>
                    <string>5181</string>
                </array>
            </dict>
            <dict>
                <key>id</key>
                <string>5224</string>
                <key>children</key>
                <array>
                    <string>5225</string>
                </array>
            </dict>
            <dict>
                <key>id</key>
                <string>5453</string>
                <key>children</key>
                <array>
                    <string>5454</string>
                </array>
            </dict>
            <dict>
                <key>id</key>
                <string>5515</string>
                <key>children</key>
                <array>
                    <string>5516</string>
                </array>
            </dict>
        </array>
    </dict>
</plist>
