<?xml version="1.0" encoding="UTF-8"?>
<!DOCTYPE plist PUBLIC "-//Apple//DTD PLIST 1.0//EN" "http://www.apple.com/DTDs/PropertyList-1.0.dtd"/>

<plist version="1.0">
    <dict>
        <key>ROOT</key>
        <array>
            <dict>
                <key>id</key>
                <string>1681</string>
                <key>Idle Animation</key>
                <dict>
                    <key>value</key>
                    <string>1683</string>
                </dict>
            </dict>
            <dict>
                <key>id</key>
                <string>1724</string>
                <key>Idle Animation</key>
                <dict>
                    <key>value</key>
                    <string>1726</string>
                </dict>
            </dict>
            <dict>
                <key>id</key>
                <string>1735</string>
                <key>Idle Animation</key>
                <dict>
                    <key>value</key>
                    <string>1737</string>
                </dict>
            </dict>
            <dict>
                <key>id</key>
                <string>1746</string>
                <key>Idle Animation</key>
                <dict>
                    <key>value</key>
                    <string>1748</string>
                </dict>
            </dict>
            <dict>
                <key>id</key>
                <string>1757</string>
                <key>Idle Animation</key>
                <dict>
                    <key>value</key>
                    <string>1759</string>
                </dict>
            </dict>
            <dict>
                <key>id</key>
                <string>1849</string>
                <key>Idle Animation</key>
                <dict>
                    <key>value</key>
                    <string>1851</string>
                </dict>
            </dict>
            <dict>
                <key>id</key>
                <string>1876</string>
                <key>Idle Animation</key>
                <dict>
                    <key>value</key>
                    <string>1878</string>
                </dict>
            </dict>
            <dict>
                <key>id</key>
                <string>1892</string>
                <key>Idle Animation</key>
                <dict>
                    <key>value</key>
                    <string>1894</string>
                </dict>
            </dict>
            <dict>
                <key>id</key>
                <string>1904</string>
                <key>Idle Animation</key>
                <dict>
                    <key>value</key>
                    <string>1906</string>
                </dict>
            </dict>
            <dict>
                <key>id</key>
                <string>1915</string>
                <key>Idle Animation</key>
                <dict>
                    <key>value</key>
                    <string>1917</string>
                </dict>
            </dict>
            <dict>
                <key>id</key>
                <string>2182</string>
                <key>Idle Animation</key>
                <dict>
                    <key>value</key>
                    <string>2184</string>
                </dict>
            </dict>
            <dict>
                <key>id</key>
                <string>2196</string>
                <key>Idle Animation</key>
                <dict>
                    <key>value</key>
                    <string>2198</string>
                </dict>
            </dict>
            <dict>
                <key>id</key>
                <string>2208</string>
                <key>Idle Animation</key>
                <dict>
                    <key>value</key>
                    <string>2210</string>
                </dict>
            </dict>
            <dict>
                <key>id</key>
                <string>2220</string>
                <key>Idle Animation</key>
                <dict>
                    <key>value</key>
                    <string>2222</string>
                </dict>
            </dict>
            <dict>
                <key>id</key>
                <string>2231</string>
                <key>Idle Animation</key>
                <dict>
                    <key>value</key>
                    <string>2233</string>
                </dict>
            </dict>
            <dict>
                <key>id</key>
                <string>2271</string>
                <key>Idle Animation</key>
                <dict>
                    <key>value</key>
                    <string>2273</string>
                </dict>
            </dict>
            <dict>
                <key>id</key>
                <string>2282</string>
                <key>Idle Animation</key>
                <dict>
                    <key>value</key>
                    <string>2284</string>
                </dict>
            </dict>
            <dict>
                <key>id</key>
                <string>2294</string>
                <key>Idle Animation</key>
                <dict>
                    <key>value</key>
                    <string>2296</string>
                </dict>
            </dict>
            <dict>
                <key>id</key>
                <string>2306</string>
                <key>Idle Animation</key>
                <dict>
                    <key>value</key>
                    <string>2308</string>
                </dict>
            </dict>
            <dict>
                <key>id</key>
                <string>2353</string>
                <key>Idle Animation</key>
                <dict>
                    <key>value</key>
                    <string>2355</string>
                </dict>
            </dict>
            <dict>
                <key>id</key>
                <string>2455</string>
                <key>Idle Animation</key>
                <dict>
                    <key>value</key>
                    <string>2457</string>
                </dict>
            </dict>
            <dict>
                <key>id</key>
                <string>2507</string>
                <key>Idle Animation</key>
                <dict>
                    <key>value</key>
                    <string>2509</string>
                </dict>
            </dict>
            <dict>
                <key>id</key>
                <string>2558</string>
                <key>Idle Animation</key>
                <dict>
                    <key>value</key>
                    <string>2560</string>
                </dict>
            </dict>
            <dict>
                <key>id</key>
                <string>2589</string>
                <key>Idle Animation</key>
                <dict>
                    <key>value</key>
                    <string>2591</string>
                </dict>
            </dict>
            <dict>
                <key>id</key>
                <string>2608</string>
                <key>Idle Animation</key>
                <dict>
                    <key>value</key>
                    <string>2610</string>
                </dict>
            </dict>
            <dict>
                <key>id</key>
                <string>2624</string>
                <key>Idle Animation</key>
                <dict>
                    <key>value</key>
                    <string>2626</string>
                </dict>
            </dict>
            <dict>
                <key>id</key>
                <string>2700</string>
                <key>Idle Animation</key>
                <dict>
                    <key>value</key>
                    <string>2702</string>
                </dict>
            </dict>
            <dict>
                <key>id</key>
                <string>2711</string>
                <key>Idle Animation</key>
                <dict>
                    <key>value</key>
                    <string>2713</string>
                </dict>
            </dict>
            <dict>
                <key>id</key>
                <string>2723</string>
                <key>Idle Animation</key>
                <dict>
                    <key>value</key>
                    <string>2725</string>
                </dict>
            </dict>
            <dict>
                <key>id</key>
                <string>2734</string>
                <key>Idle Animation</key>
                <dict>
                    <key>value</key>
                    <string>2736</string>
                </dict>
            </dict>
            <dict>
                <key>id</key>
                <string>2750</string>
                <key>Idle Animation</key>
                <dict>
                    <key>value</key>
                    <string>2752</string>
                </dict>
            </dict>
            <dict>
                <key>id</key>
                <string>2833</string>
                <key>Idle Animation</key>
                <dict>
                    <key>value</key>
                    <string>2835</string>
                </dict>
            </dict>
            <dict>
                <key>id</key>
                <string>2888</string>
                <key>Idle Animation</key>
                <dict>
                    <key>value</key>
                    <string>2890</string>
                </dict>
            </dict>
            <dict>
                <key>id</key>
                <string>2899</string>
                <key>Idle Animation</key>
                <dict>
                    <key>value</key>
                    <string>2901</string>
                </dict>
            </dict>
            <dict>
                <key>id</key>
                <string>2920</string>
                <key>Idle Animation</key>
                <dict>
                    <key>value</key>
                    <string>2922</string>
                </dict>
            </dict>
            <dict>
                <key>id</key>
                <string>3079</string>
                <key>Idle Animation</key>
                <dict>
                    <key>value</key>
                    <string>3081</string>
                </dict>
            </dict>
            <dict>
                <key>id</key>
                <string>3091</string>
                <key>Idle Animation</key>
                <dict>
                    <key>value</key>
                    <string>3093</string>
                </dict>
            </dict>
            <dict>
                <key>id</key>
                <string>3126</string>
                <key>Idle Animation</key>
                <dict>
                    <key>value</key>
                    <string>3128</string>
                </dict>
            </dict>
            <dict>
                <key>id</key>
                <string>3140</string>
                <key>Idle Animation</key>
                <dict>
                    <key>value</key>
                    <string>3142</string>
                </dict>
            </dict>
            <dict>
                <key>id</key>
                <string>3328</string>
                <key>Idle Animation</key>
                <dict>
                    <key>value</key>
                    <string>3330</string>
                </dict>
            </dict>
            <dict>
                <key>id</key>
                <string>3532</string>
                <key>Idle Animation</key>
                <dict>
                    <key>value</key>
                    <string>3534</string>
                </dict>
            </dict>
            <dict>
                <key>id</key>
                <string>3683</string>
                <key>Idle Animation</key>
                <dict>
                    <key>value</key>
                    <string>3685</string>
                </dict>
            </dict>
            <dict>
                <key>id</key>
                <string>3707</string>
                <key>Idle Animation</key>
                <dict>
                    <key>value</key>
                    <string>3709</string>
                </dict>
            </dict>
            <dict>
                <key>id</key>
                <string>3720</string>
                <key>Idle Animation</key>
                <dict>
                    <key>value</key>
                    <string>3722</string>
                </dict>
            </dict>
            <dict>
                <key>id</key>
                <string>3732</string>
                <key>Idle Animation</key>
                <dict>
                    <key>value</key>
                    <string>3734</string>
                </dict>
            </dict>
            <dict>
                <key>id</key>
                <string>4605</string>
                <key>Idle Animation</key>
                <dict>
                    <key>value</key>
                    <string>4607</string>
                </dict>
            </dict>
            <dict>
                <key>id</key>
                <string>4667</string>
                <key>Idle Animation</key>
                <dict>
                    <key>value</key>
                    <string>4669</string>
                </dict>
            </dict>
            <dict>
                <key>id</key>
                <string>4722</string>
                <key>Idle Animation</key>
                <dict>
                    <key>value</key>
                    <string>4724</string>
                </dict>
            </dict>
            <dict>
                <key>id</key>
                <string>4757</string>
                <key>Idle Animation</key>
                <dict>
                    <key>value</key>
                    <string>4759</string>
                </dict>
            </dict>
            <dict>
                <key>id</key>
                <string>4812</string>
                <key>Idle Animation</key>
                <dict>
                    <key>value</key>
                    <string>4814</string>
                </dict>
            </dict>
            <dict>
                <key>id</key>
                <string>4823</string>
                <key>Idle Animation</key>
                <dict>
                    <key>value</key>
                    <string>4825</string>
                </dict>
            </dict>
            <dict>
                <key>id</key>
                <string>4837</string>
                <key>Idle Animation</key>
                <dict>
                    <key>value</key>
                    <string>4839</string>
                </dict>
            </dict>
            <dict>
                <key>id</key>
                <string>4891</string>
                <key>Idle Animation</key>
                <dict>
                    <key>value</key>
                    <string>4893</string>
                </dict>
            </dict>
            <dict>
                <key>id</key>
                <string>4932</string>
                <key>Idle Animation</key>
                <dict>
                    <key>value</key>
                    <string>4934</string>
                </dict>
            </dict>
            <dict>
                <key>id</key>
                <string>4946</string>
                <key>Idle Animation</key>
                <dict>
                    <key>value</key>
                    <string>4948</string>
                </dict>
            </dict>
            <dict>
                <key>id</key>
                <string>5083</string>
                <key>Idle Animation</key>
                <dict>
                    <key>value</key>
                    <string>5085</string>
                </dict>
            </dict>
            <dict>
                <key>id</key>
                <string>5144</string>
                <key>Idle Animation</key>
                <dict>
                    <key>value</key>
                    <string>5146</string>
                </dict>
            </dict>
            <dict>
                <key>id</key>
                <string>5178</string>
                <key>Idle Animation</key>
                <dict>
                    <key>value</key>
                    <string>5180</string>
                </dict>
            </dict>
            <dict>
                <key>id</key>
                <string>5222</string>
                <key>Idle Animation</key>
                <dict>
                    <key>value</key>
                    <string>5224</string>
                </dict>
            </dict>
            <dict>
                <key>id</key>
                <string>5451</string>
                <key>Idle Animation</key>
                <dict>
                    <key>value</key>
                    <string>5453</string>
                </dict>
            </dict>
            <dict>
                <key>id</key>
                <string>5513</string>
                <key>Idle Animation</key>
                <dict>
                    <key>value</key>
                    <string>5515</string>
                </dict>
            </dict>
        </array>
    </dict>
</plist>
