<?xml version="1.0" encoding="UTF-8"?>
<!DOCTYPE plist PUBLIC "-//Apple//DTD PLIST 1.0//EN" "http://www.apple.com/DTDs/PropertyList-1.0.dtd"/>

<plist version="1.0">
    <dict>
        <key>ROOT</key>
        <array>
            <dict>
                <key>id</key>
                <string>107</string>
                <key>className</key>
                <string>PTModelAtlas</string>
                <key>Name</key>
                <dict>
                    <key>value</key>
                    <string>Atlas#1</string>
                </dict>
                <key>width</key>
                <dict>
                    <key>value</key>
                    <string>2048.000000</string>
                </dict>
                <key>height</key>
                <dict>
                    <key>value</key>
                    <string>2048.000000</string>
                </dict>
                <key>padding</key>
                <dict>
                    <key>value</key>
                    <string>4.000000</string>
                </dict>
            </dict>
            <dict>
                <key>id</key>
                <string>1677</string>
                <key>className</key>
                <string>PTModelAtlas</string>
                <key>Name</key>
                <dict>
                    <key>value</key>
                    <string>Atlas#2</string>
                </dict>
                <key>width</key>
                <dict>
                    <key>value</key>
                    <string>2048.000000</string>
                </dict>
                <key>height</key>
                <dict>
                    <key>value</key>
                    <string>2048.000000</string>
                </dict>
                <key>padding</key>
                <dict>
                    <key>value</key>
                    <string>4.000000</string>
                </dict>
            </dict>
            <dict>
                <key>id</key>
                <string>1802</string>
                <key>className</key>
                <string>PTModelAtlas</string>
                <key>Name</key>
                <dict>
                    <key>value</key>
                    <string>Atlas#3</string>
                </dict>
                <key>width</key>
                <dict>
                    <key>value</key>
                    <string>2048.000000</string>
                </dict>
                <key>height</key>
                <dict>
                    <key>value</key>
                    <string>2048.000000</string>
                </dict>
                <key>padding</key>
                <dict>
                    <key>value</key>
                    <string>4.000000</string>
                </dict>
            </dict>
            <dict>
                <key>id</key>
                <string>2047</string>
                <key>className</key>
                <string>PTModelAtlas</string>
                <key>Name</key>
                <dict>
                    <key>value</key>
                    <string>Atlas#4</string>
                </dict>
                <key>width</key>
                <dict>
                    <key>value</key>
                    <string>2048.000000</string>
                </dict>
                <key>height</key>
                <dict>
                    <key>value</key>
                    <string>2048.000000</string>
                </dict>
                <key>padding</key>
                <dict>
                    <key>value</key>
                    <string>4.000000</string>
                </dict>
            </dict>
            <dict>
                <key>id</key>
                <string>2089</string>
                <key>className</key>
                <string>PTModelAtlas</string>
                <key>Name</key>
                <dict>
                    <key>value</key>
                    <string>Atlas#5</string>
                </dict>
                <key>width</key>
                <dict>
                    <key>value</key>
                    <string>2048.000000</string>
                </dict>
                <key>height</key>
                <dict>
                    <key>value</key>
                    <string>2048.000000</string>
                </dict>
                <key>padding</key>
                <dict>
                    <key>value</key>
                    <string>4.000000</string>
                </dict>
            </dict>
            <dict>
                <key>id</key>
                <string>2722</string>
                <key>className</key>
                <string>PTModelAtlas</string>
                <key>Name</key>
                <dict>
                    <key>value</key>
                    <string>Atlas#6</string>
                </dict>
                <key>width</key>
                <dict>
                    <key>value</key>
                    <string>2048.000000</string>
                </dict>
                <key>height</key>
                <dict>
                    <key>value</key>
                    <string>2048.000000</string>
                </dict>
                <key>padding</key>
                <dict>
                    <key>value</key>
                    <string>4.000000</string>
                </dict>
            </dict>
        </array>
    </dict>
</plist>
