<?xml version="1.0" encoding="UTF-8"?>
<!DOCTYPE plist PUBLIC "-//Apple//DTD PLIST 1.0//EN" "http://www.apple.com/DTDs/PropertyList-1.0.dtd"/>

<plist version="1.0">
    <dict>
        <key>ROOT</key>
        <array>
            <dict>
                <key>id</key>
                <string>2464</string>
                <key>objectA</key>
                <string>2342</string>
                <key>objectB</key>
                <string>2314</string>
            </dict>
            <dict>
                <key>id</key>
                <string>2481</string>
                <key>objectA</key>
                <string>2463</string>
                <key>objectB</key>
                <string>2452</string>
            </dict>
            <dict>
                <key>id</key>
                <string>2482</string>
                <key>objectA</key>
                <string>2452</string>
                <key>objectB</key>
                <string>2450</string>
            </dict>
            <dict>
                <key>id</key>
                <string>2483</string>
                <key>objectA</key>
                <string>2450</string>
                <key>objectB</key>
                <string>2448</string>
            </dict>
            <dict>
                <key>id</key>
                <string>2484</string>
                <key>objectA</key>
                <string>2448</string>
                <key>objectB</key>
                <string>2446</string>
            </dict>
            <dict>
                <key>id</key>
                <string>2485</string>
                <key>objectA</key>
                <string>2446</string>
                <key>objectB</key>
                <string>2444</string>
            </dict>
            <dict>
                <key>id</key>
                <string>2486</string>
                <key>objectA</key>
                <string>2444</string>
                <key>objectB</key>
                <string>2442</string>
            </dict>
            <dict>
                <key>id</key>
                <string>2487</string>
                <key>objectA</key>
                <string>2442</string>
                <key>objectB</key>
                <string>2440</string>
            </dict>
            <dict>
                <key>id</key>
                <string>2488</string>
                <key>objectA</key>
                <string>2440</string>
                <key>objectB</key>
                <string>2438</string>
            </dict>
            <dict>
                <key>id</key>
                <string>2489</string>
                <key>objectA</key>
                <string>2438</string>
                <key>objectB</key>
                <string>2436</string>
            </dict>
            <dict>
                <key>id</key>
                <string>2490</string>
                <key>objectA</key>
                <string>2436</string>
                <key>objectB</key>
                <string>2434</string>
            </dict>
            <dict>
                <key>id</key>
                <string>2491</string>
                <key>objectA</key>
                <string>2434</string>
                <key>objectB</key>
                <string>2432</string>
            </dict>
            <dict>
                <key>id</key>
                <string>2492</string>
                <key>objectA</key>
                <string>2432</string>
                <key>objectB</key>
                <string>2430</string>
            </dict>
            <dict>
                <key>id</key>
                <string>2493</string>
                <key>objectA</key>
                <string>2430</string>
                <key>objectB</key>
                <string>2428</string>
            </dict>
            <dict>
                <key>id</key>
                <string>2494</string>
                <key>objectA</key>
                <string>2428</string>
                <key>objectB</key>
                <string>2426</string>
            </dict>
            <dict>
                <key>id</key>
                <string>2495</string>
                <key>objectA</key>
                <string>2426</string>
                <key>objectB</key>
                <string>2424</string>
            </dict>
            <dict>
                <key>id</key>
                <string>2496</string>
                <key>objectA</key>
                <string>2424</string>
                <key>objectB</key>
                <string>2314</string>
            </dict>
            <dict>
                <key>id</key>
                <string>2761</string>
                <key>objectA</key>
                <string>2758</string>
                <key>objectB</key>
                <string>2760</string>
            </dict>
            <dict>
                <key>id</key>
                <string>5108</string>
                <key>objectA</key>
                <string>5077</string>
                <key>objectB</key>
                <string>5091</string>
            </dict>
            <dict>
                <key>id</key>
                <string>5118</string>
                <key>objectA</key>
                <string>5080</string>
                <key>objectB</key>
                <string>5107</string>
            </dict>
            <dict>
                <key>id</key>
                <string>5119</string>
                <key>objectA</key>
                <string>5107</string>
                <key>objectB</key>
                <string>5105</string>
            </dict>
            <dict>
                <key>id</key>
                <string>5120</string>
                <key>objectA</key>
                <string>5105</string>
                <key>objectB</key>
                <string>5103</string>
            </dict>
            <dict>
                <key>id</key>
                <string>5121</string>
                <key>objectA</key>
                <string>5103</string>
                <key>objectB</key>
                <string>5101</string>
            </dict>
            <dict>
                <key>id</key>
                <string>5122</string>
                <key>objectA</key>
                <string>5101</string>
                <key>objectB</key>
                <string>5099</string>
            </dict>
            <dict>
                <key>id</key>
                <string>5123</string>
                <key>objectA</key>
                <string>5099</string>
                <key>objectB</key>
                <string>5097</string>
            </dict>
            <dict>
                <key>id</key>
                <string>5124</string>
                <key>objectA</key>
                <string>5097</string>
                <key>objectB</key>
                <string>5095</string>
            </dict>
            <dict>
                <key>id</key>
                <string>5125</string>
                <key>objectA</key>
                <string>5095</string>
                <key>objectB</key>
                <string>5093</string>
            </dict>
            <dict>
                <key>id</key>
                <string>5126</string>
                <key>objectA</key>
                <string>5093</string>
                <key>objectB</key>
                <string>5091</string>
            </dict>
        </array>
    </dict>
</plist>
