<?xml version="1.0" encoding="UTF-8"?>
<!DOCTYPE plist PUBLIC "-//Apple//DTD PLIST 1.0//EN" "http://www.apple.com/DTDs/PropertyList-1.0.dtd"/>

<plist version="1.0">
    <dict>
        <key>ROOT</key>
        <array>
            <dict>
                <key>id</key>
                <string>109</string>
                <key>sprites</key>
                <array>
                    <string>110</string>
                </array>
            </dict>
            <dict>
                <key>id</key>
                <string>150</string>
                <key>sprites</key>
                <array>
                    <string>151</string>
                </array>
            </dict>
            <dict>
                <key>id</key>
                <string>341</string>
                <key>sprites</key>
                <array>
                    <string>342</string>
                </array>
            </dict>
            <dict>
                <key>id</key>
                <string>441</string>
                <key>sprites</key>
                <array>
                    <string>442</string>
                </array>
            </dict>
            <dict>
                <key>id</key>
                <string>991</string>
                <key>sprites</key>
                <array>
                    <string>992</string>
                </array>
            </dict>
            <dict>
                <key>id</key>
                <string>1042</string>
                <key>sprites</key>
                <array>
                    <string>1043</string>
                </array>
            </dict>
            <dict>
                <key>id</key>
                <string>1050</string>
                <key>sprites</key>
                <array>
                    <string>1051</string>
                </array>
            </dict>
            <dict>
                <key>id</key>
                <string>1186</string>
                <key>sprites</key>
                <array>
                    <string>1187</string>
                </array>
            </dict>
            <dict>
                <key>id</key>
                <string>1483</string>
                <key>sprites</key>
                <array>
                    <string>1484</string>
                </array>
            </dict>
            <dict>
                <key>id</key>
                <string>1489</string>
                <key>sprites</key>
                <array>
                    <string>1490</string>
                </array>
            </dict>
            <dict>
                <key>id</key>
                <string>1501</string>
                <key>sprites</key>
                <array>
                    <string>1502</string>
                </array>
            </dict>
            <dict>
                <key>id</key>
                <string>1566</string>
                <key>sprites</key>
                <array>
                    <string>1567</string>
                </array>
            </dict>
            <dict>
                <key>id</key>
                <string>1572</string>
                <key>sprites</key>
                <array>
                    <string>1573</string>
                </array>
            </dict>
            <dict>
                <key>id</key>
                <string>1575</string>
                <key>sprites</key>
                <array>
                    <string>1576</string>
                </array>
            </dict>
            <dict>
                <key>id</key>
                <string>1603</string>
                <key>sprites</key>
                <array>
                    <string>1604</string>
                </array>
            </dict>
            <dict>
                <key>id</key>
                <string>1606</string>
                <key>sprites</key>
                <array>
                    <string>1607</string>
                </array>
            </dict>
            <dict>
                <key>id</key>
                <string>1609</string>
                <key>sprites</key>
                <array>
                    <string>1610</string>
                </array>
            </dict>
            <dict>
                <key>id</key>
                <string>1675</string>
                <key>sprites</key>
                <array>
                    <string>1676</string>
                </array>
            </dict>
            <dict>
                <key>id</key>
                <string>1679</string>
                <key>sprites</key>
                <array>
                    <string>1680</string>
                </array>
            </dict>
            <dict>
                <key>id</key>
                <string>1710</string>
                <key>sprites</key>
                <array>
                    <string>1711</string>
                </array>
            </dict>
            <dict>
                <key>id</key>
                <string>1722</string>
                <key>sprites</key>
                <array>
                    <string>1723</string>
                </array>
            </dict>
            <dict>
                <key>id</key>
                <string>1733</string>
                <key>sprites</key>
                <array>
                    <string>1734</string>
                </array>
            </dict>
            <dict>
                <key>id</key>
                <string>1744</string>
                <key>sprites</key>
                <array>
                    <string>1745</string>
                </array>
            </dict>
            <dict>
                <key>id</key>
                <string>1755</string>
                <key>sprites</key>
                <array>
                    <string>1756</string>
                </array>
            </dict>
            <dict>
                <key>id</key>
                <string>1767</string>
                <key>sprites</key>
                <array>
                    <string>1768</string>
                    <string>1769</string>
                    <string>1770</string>
                    <string>1771</string>
                    <string>1772</string>
                    <string>1773</string>
                    <string>1774</string>
                    <string>1775</string>
                    <string>1776</string>
                    <string>1777</string>
                    <string>1778</string>
                    <string>1779</string>
                </array>
            </dict>
            <dict>
                <key>id</key>
                <string>1797</string>
                <key>sprites</key>
                <array>
                    <string>1798</string>
                    <string>1799</string>
                    <string>1800</string>
                    <string>1801</string>
                    <string>1803</string>
                    <string>1804</string>
                    <string>1805</string>
                    <string>1806</string>
                    <string>1807</string>
                    <string>1808</string>
                    <string>1809</string>
                    <string>1810</string>
                    <string>1811</string>
                    <string>1812</string>
                    <string>1813</string>
                    <string>1814</string>
                    <string>1815</string>
                    <string>1816</string>
                    <string>1817</string>
                    <string>1818</string>
                </array>
            </dict>
            <dict>
                <key>id</key>
                <string>1847</string>
                <key>sprites</key>
                <array>
                    <string>1848</string>
                </array>
            </dict>
            <dict>
                <key>id</key>
                <string>1874</string>
                <key>sprites</key>
                <array>
                    <string>1875</string>
                </array>
            </dict>
            <dict>
                <key>id</key>
                <string>1890</string>
                <key>sprites</key>
                <array>
                    <string>1891</string>
                </array>
            </dict>
            <dict>
                <key>id</key>
                <string>1902</string>
                <key>sprites</key>
                <array>
                    <string>1903</string>
                </array>
            </dict>
            <dict>
                <key>id</key>
                <string>1913</string>
                <key>sprites</key>
                <array>
                    <string>1914</string>
                </array>
            </dict>
            <dict>
                <key>id</key>
                <string>1935</string>
                <key>sprites</key>
                <array>
                    <string>1936</string>
                </array>
            </dict>
            <dict>
                <key>id</key>
                <string>1947</string>
                <key>sprites</key>
                <array>
                    <string>1948</string>
                </array>
            </dict>
            <dict>
                <key>id</key>
                <string>1973</string>
                <key>sprites</key>
                <array>
                    <string>1974</string>
                </array>
            </dict>
            <dict>
                <key>id</key>
                <string>1982</string>
                <key>sprites</key>
                <array>
                    <string>1983</string>
                </array>
            </dict>
            <dict>
                <key>id</key>
                <string>1991</string>
                <key>sprites</key>
                <array>
                    <string>1992</string>
                </array>
            </dict>
            <dict>
                <key>id</key>
                <string>2001</string>
                <key>sprites</key>
                <array>
                    <string>2002</string>
                </array>
            </dict>
            <dict>
                <key>id</key>
                <string>2010</string>
                <key>sprites</key>
                <array>
                    <string>2011</string>
                </array>
            </dict>
            <dict>
                <key>id</key>
                <string>2023</string>
                <key>sprites</key>
                <array>
                    <string>2024</string>
                </array>
            </dict>
            <dict>
                <key>id</key>
                <string>2042</string>
                <key>sprites</key>
                <array>
                    <string>2043</string>
                    <string>2044</string>
                    <string>2045</string>
                    <string>2046</string>
                    <string>2048</string>
                    <string>2049</string>
                    <string>2050</string>
                    <string>2051</string>
                    <string>2052</string>
                    <string>2053</string>
                    <string>2054</string>
                    <string>2055</string>
                </array>
            </dict>
            <dict>
                <key>id</key>
                <string>2073</string>
                <key>sprites</key>
                <array>
                    <string>2074</string>
                    <string>2075</string>
                    <string>2076</string>
                    <string>2077</string>
                    <string>2078</string>
                    <string>2079</string>
                    <string>2080</string>
                    <string>2081</string>
                    <string>2082</string>
                    <string>2083</string>
                    <string>2084</string>
                    <string>2085</string>
                    <string>2086</string>
                    <string>2087</string>
                    <string>2088</string>
                    <string>2090</string>
                    <string>2091</string>
                    <string>2092</string>
                    <string>2093</string>
                    <string>2094</string>
                </array>
            </dict>
            <dict>
                <key>id</key>
                <string>2120</string>
                <key>sprites</key>
                <array>
                    <string>2121</string>
                    <string>2122</string>
                    <string>2123</string>
                    <string>2124</string>
                    <string>2125</string>
                    <string>2126</string>
                    <string>2127</string>
                    <string>2128</string>
                    <string>2129</string>
                    <string>2130</string>
                    <string>2131</string>
                    <string>2132</string>
                    <string>2133</string>
                    <string>2134</string>
                    <string>2135</string>
                    <string>2136</string>
                    <string>2137</string>
                    <string>2138</string>
                    <string>2139</string>
                    <string>2140</string>
                </array>
            </dict>
            <dict>
                <key>id</key>
                <string>2180</string>
                <key>sprites</key>
                <array>
                    <string>2181</string>
                </array>
            </dict>
            <dict>
                <key>id</key>
                <string>2194</string>
                <key>sprites</key>
                <array>
                    <string>2195</string>
                </array>
            </dict>
            <dict>
                <key>id</key>
                <string>2206</string>
                <key>sprites</key>
                <array>
                    <string>2207</string>
                </array>
            </dict>
            <dict>
                <key>id</key>
                <string>2218</string>
                <key>sprites</key>
                <array>
                    <string>2219</string>
                </array>
            </dict>
            <dict>
                <key>id</key>
                <string>2229</string>
                <key>sprites</key>
                <array>
                    <string>2230</string>
                </array>
            </dict>
            <dict>
                <key>id</key>
                <string>2269</string>
                <key>sprites</key>
                <array>
                    <string>2270</string>
                </array>
            </dict>
            <dict>
                <key>id</key>
                <string>2280</string>
                <key>sprites</key>
                <array>
                    <string>2281</string>
                </array>
            </dict>
            <dict>
                <key>id</key>
                <string>2292</string>
                <key>sprites</key>
                <array>
                    <string>2293</string>
                </array>
            </dict>
            <dict>
                <key>id</key>
                <string>2304</string>
                <key>sprites</key>
                <array>
                    <string>2305</string>
                </array>
            </dict>
            <dict>
                <key>id</key>
                <string>2351</string>
                <key>sprites</key>
                <array>
                    <string>2352</string>
                </array>
            </dict>
            <dict>
                <key>id</key>
                <string>2453</string>
                <key>sprites</key>
                <array>
                    <string>2454</string>
                </array>
            </dict>
            <dict>
                <key>id</key>
                <string>2505</string>
                <key>sprites</key>
                <array>
                    <string>2506</string>
                </array>
            </dict>
            <dict>
                <key>id</key>
                <string>2556</string>
                <key>sprites</key>
                <array>
                    <string>2557</string>
                </array>
            </dict>
            <dict>
                <key>id</key>
                <string>2587</string>
                <key>sprites</key>
                <array>
                    <string>2588</string>
                </array>
            </dict>
            <dict>
                <key>id</key>
                <string>2606</string>
                <key>sprites</key>
                <array>
                    <string>2607</string>
                </array>
            </dict>
            <dict>
                <key>id</key>
                <string>2622</string>
                <key>sprites</key>
                <array>
                    <string>2623</string>
                </array>
            </dict>
            <dict>
                <key>id</key>
                <string>2698</string>
                <key>sprites</key>
                <array>
                    <string>2699</string>
                </array>
            </dict>
            <dict>
                <key>id</key>
                <string>2709</string>
                <key>sprites</key>
                <array>
                    <string>2710</string>
                </array>
            </dict>
            <dict>
                <key>id</key>
                <string>2720</string>
                <key>sprites</key>
                <array>
                    <string>2721</string>
                </array>
            </dict>
            <dict>
                <key>id</key>
                <string>2732</string>
                <key>sprites</key>
                <array>
                    <string>2733</string>
                </array>
            </dict>
            <dict>
                <key>id</key>
                <string>2748</string>
                <key>sprites</key>
                <array>
                    <string>2749</string>
                </array>
            </dict>
            <dict>
                <key>id</key>
                <string>2831</string>
                <key>sprites</key>
                <array>
                    <string>2832</string>
                </array>
            </dict>
            <dict>
                <key>id</key>
                <string>2886</string>
                <key>sprites</key>
                <array>
                    <string>2887</string>
                </array>
            </dict>
            <dict>
                <key>id</key>
                <string>2897</string>
                <key>sprites</key>
                <array>
                    <string>2898</string>
                </array>
            </dict>
            <dict>
                <key>id</key>
                <string>2918</string>
                <key>sprites</key>
                <array>
                    <string>2919</string>
                </array>
            </dict>
            <dict>
                <key>id</key>
                <string>2946</string>
                <key>sprites</key>
                <array>
                    <string>2947</string>
                </array>
            </dict>
            <dict>
                <key>id</key>
                <string>2986</string>
                <key>sprites</key>
                <array>
                    <string>2987</string>
                </array>
            </dict>
            <dict>
                <key>id</key>
                <string>3077</string>
                <key>sprites</key>
                <array>
                    <string>3078</string>
                </array>
            </dict>
            <dict>
                <key>id</key>
                <string>3089</string>
                <key>sprites</key>
                <array>
                    <string>3090</string>
                </array>
            </dict>
            <dict>
                <key>id</key>
                <string>3124</string>
                <key>sprites</key>
                <array>
                    <string>3125</string>
                </array>
            </dict>
            <dict>
                <key>id</key>
                <string>3138</string>
                <key>sprites</key>
                <array>
                    <string>3139</string>
                </array>
            </dict>
            <dict>
                <key>id</key>
                <string>3326</string>
                <key>sprites</key>
                <array>
                    <string>3327</string>
                </array>
            </dict>
            <dict>
                <key>id</key>
                <string>3530</string>
                <key>sprites</key>
                <array>
                    <string>3531</string>
                </array>
            </dict>
            <dict>
                <key>id</key>
                <string>3569</string>
                <key>sprites</key>
                <array>
                    <string>3570</string>
                </array>
            </dict>
            <dict>
                <key>id</key>
                <string>3681</string>
                <key>sprites</key>
                <array>
                    <string>3682</string>
                </array>
            </dict>
            <dict>
                <key>id</key>
                <string>3705</string>
                <key>sprites</key>
                <array>
                    <string>3706</string>
                </array>
            </dict>
            <dict>
                <key>id</key>
                <string>3718</string>
                <key>sprites</key>
                <array>
                    <string>3719</string>
                </array>
            </dict>
            <dict>
                <key>id</key>
                <string>3730</string>
                <key>sprites</key>
                <array>
                    <string>3731</string>
                </array>
            </dict>
            <dict>
                <key>id</key>
                <string>3981</string>
                <key>sprites</key>
                <array>
                    <string>3982</string>
                </array>
            </dict>
            <dict>
                <key>id</key>
                <string>4052</string>
                <key>sprites</key>
                <array>
                    <string>4053</string>
                    <string>4054</string>
                    <string>4055</string>
                    <string>4056</string>
                    <string>4057</string>
                    <string>4058</string>
                </array>
            </dict>
            <dict>
                <key>id</key>
                <string>4331</string>
                <key>sprites</key>
                <array>
                    <string>4332</string>
                </array>
            </dict>
            <dict>
                <key>id</key>
                <string>4340</string>
                <key>sprites</key>
                <array>
                    <string>4341</string>
                </array>
            </dict>
            <dict>
                <key>id</key>
                <string>4374</string>
                <key>sprites</key>
                <array>
                    <string>4375</string>
                </array>
            </dict>
            <dict>
                <key>id</key>
                <string>4380</string>
                <key>sprites</key>
                <array>
                    <string>4381</string>
                </array>
            </dict>
            <dict>
                <key>id</key>
                <string>4385</string>
                <key>sprites</key>
                <array>
                    <string>4386</string>
                </array>
            </dict>
            <dict>
                <key>id</key>
                <string>4392</string>
                <key>sprites</key>
                <array>
                    <string>4393</string>
                </array>
            </dict>
            <dict>
                <key>id</key>
                <string>4397</string>
                <key>sprites</key>
                <array>
                    <string>4398</string>
                </array>
            </dict>
            <dict>
                <key>id</key>
                <string>4402</string>
                <key>sprites</key>
                <array>
                    <string>4403</string>
                </array>
            </dict>
            <dict>
                <key>id</key>
                <string>4412</string>
                <key>sprites</key>
                <array>
                    <string>4413</string>
                </array>
            </dict>
            <dict>
                <key>id</key>
                <string>4417</string>
                <key>sprites</key>
                <array>
                    <string>4418</string>
                </array>
            </dict>
            <dict>
                <key>id</key>
                <string>4424</string>
                <key>sprites</key>
                <array>
                    <string>4425</string>
                </array>
            </dict>
            <dict>
                <key>id</key>
                <string>4429</string>
                <key>sprites</key>
                <array>
                    <string>4430</string>
                </array>
            </dict>
            <dict>
                <key>id</key>
                <string>4434</string>
                <key>sprites</key>
                <array>
                    <string>4435</string>
                </array>
            </dict>
            <dict>
                <key>id</key>
                <string>4440</string>
                <key>sprites</key>
                <array>
                    <string>4441</string>
                </array>
            </dict>
            <dict>
                <key>id</key>
                <string>4445</string>
                <key>sprites</key>
                <array>
                    <string>4446</string>
                </array>
            </dict>
            <dict>
                <key>id</key>
                <string>4452</string>
                <key>sprites</key>
                <array>
                    <string>4453</string>
                </array>
            </dict>
            <dict>
                <key>id</key>
                <string>4457</string>
                <key>sprites</key>
                <array>
                    <string>4458</string>
                </array>
            </dict>
            <dict>
                <key>id</key>
                <string>4462</string>
                <key>sprites</key>
                <array>
                    <string>4463</string>
                </array>
            </dict>
            <dict>
                <key>id</key>
                <string>4467</string>
                <key>sprites</key>
                <array>
                    <string>4468</string>
                </array>
            </dict>
            <dict>
                <key>id</key>
                <string>4476</string>
                <key>sprites</key>
                <array>
                    <string>4477</string>
                </array>
            </dict>
            <dict>
                <key>id</key>
                <string>4484</string>
                <key>sprites</key>
                <array>
                    <string>4485</string>
                </array>
            </dict>
            <dict>
                <key>id</key>
                <string>4603</string>
                <key>sprites</key>
                <array>
                    <string>4604</string>
                </array>
            </dict>
            <dict>
                <key>id</key>
                <string>4665</string>
                <key>sprites</key>
                <array>
                    <string>4666</string>
                </array>
            </dict>
            <dict>
                <key>id</key>
                <string>4717</string>
                <key>sprites</key>
                <array>
                    <string>4718</string>
                </array>
            </dict>
            <dict>
                <key>id</key>
                <string>4720</string>
                <key>sprites</key>
                <array>
                    <string>4721</string>
                </array>
            </dict>
            <dict>
                <key>id</key>
                <string>4755</string>
                <key>sprites</key>
                <array>
                    <string>4756</string>
                </array>
            </dict>
            <dict>
                <key>id</key>
                <string>4810</string>
                <key>sprites</key>
                <array>
                    <string>4811</string>
                </array>
            </dict>
            <dict>
                <key>id</key>
                <string>4821</string>
                <key>sprites</key>
                <array>
                    <string>4822</string>
                </array>
            </dict>
            <dict>
                <key>id</key>
                <string>4835</string>
                <key>sprites</key>
                <array>
                    <string>4836</string>
                </array>
            </dict>
            <dict>
                <key>id</key>
                <string>4889</string>
                <key>sprites</key>
                <array>
                    <string>4890</string>
                </array>
            </dict>
            <dict>
                <key>id</key>
                <string>4930</string>
                <key>sprites</key>
                <array>
                    <string>4931</string>
                </array>
            </dict>
            <dict>
                <key>id</key>
                <string>4944</string>
                <key>sprites</key>
                <array>
                    <string>4945</string>
                </array>
            </dict>
            <dict>
                <key>id</key>
                <string>5081</string>
                <key>sprites</key>
                <array>
                    <string>5082</string>
                </array>
            </dict>
            <dict>
                <key>id</key>
                <string>5142</string>
                <key>sprites</key>
                <array>
                    <string>5143</string>
                </array>
            </dict>
            <dict>
                <key>id</key>
                <string>5176</string>
                <key>sprites</key>
                <array>
                    <string>5177</string>
                </array>
            </dict>
            <dict>
                <key>id</key>
                <string>5220</string>
                <key>sprites</key>
                <array>
                    <string>5221</string>
                </array>
            </dict>
            <dict>
                <key>id</key>
                <string>5449</string>
                <key>sprites</key>
                <array>
                    <string>5450</string>
                </array>
            </dict>
            <dict>
                <key>id</key>
                <string>5511</string>
                <key>sprites</key>
                <array>
                    <string>5512</string>
                </array>
            </dict>
            <dict>
                <key>id</key>
                <string>5646</string>
                <key>sprites</key>
                <array>
                    <string>5647</string>
                </array>
            </dict>
        </array>
    </dict>
</plist>
