<?xml version="1.0" encoding="UTF-8"?>
<!DOCTYPE plist PUBLIC "-//Apple//DTD PLIST 1.0//EN" "http://www.apple.com/DTDs/PropertyList-1.0.dtd"/>

<plist version="1.0">
    <dict>
        <key>ROOT</key>
        <array>
            <dict>
                <key>id</key>
                <string>3283</string>
            </dict>
            <dict>
                <key>id</key>
                <string>3381</string>
            </dict>
            <dict>
                <key>id</key>
                <string>3449</string>
            </dict>
            <dict>
                <key>id</key>
                <string>3455</string>
            </dict>
            <dict>
                <key>id</key>
                <string>3495</string>
            </dict>
            <dict>
                <key>id</key>
                <string>3501</string>
            </dict>
            <dict>
                <key>id</key>
                <string>5464</string>
            </dict>
            <dict>
                <key>id</key>
                <string>5470</string>
            </dict>
            <dict>
                <key>id</key>
                <string>5476</string>
            </dict>
            <dict>
                <key>id</key>
                <string>5482</string>
            </dict>
            <dict>
                <key>id</key>
                <string>5488</string>
            </dict>
            <dict>
                <key>id</key>
                <string>5494</string>
            </dict>
        </array>
    </dict>
</plist>
