<?xml version="1.0" encoding="UTF-8"?>
<!DOCTYPE plist PUBLIC "-//Apple//DTD PLIST 1.0//EN" "http://www.apple.com/DTDs/PropertyList-1.0.dtd"/>

<plist version="1.0">
    <dict>
        <key>ROOT</key>
        <array>
            <dict>
                <key>id</key>
                <string>3923</string>
                <key>className</key>
                <string>PTModelComponentSpawner</string>
                <key>Name</key>
                <dict>
                    <key>visible</key>
                    <string>0</string>
                    <key>value</key>
                    <string>Spawner</string>
                </dict>
                <key>Spawn Rate</key>
                <dict>
                    <key>value</key>
                    <string>20.000000</string>
                    <key>animations</key>
                    <array/>
                </dict>
                <key>Spawn Action</key>
                <dict>
                    <key>selectedStringValue</key>
                    <string>kPermanentSpawning</string>
                </dict>
            </dict>
            <dict>
                <key>id</key>
                <string>3979</string>
                <key>className</key>
                <string>PTModelComponentSpawner</string>
                <key>Name</key>
                <dict>
                    <key>visible</key>
                    <string>0</string>
                    <key>value</key>
                    <string>Spawner</string>
                </dict>
                <key>Spawn Rate</key>
                <dict>
                    <key>value</key>
                    <string>20.000000</string>
                </dict>
                <key>Spawn Action</key>
                <dict>
                    <key>selectedStringValue</key>
                    <string>kPermanentSpawning</string>
                </dict>
            </dict>
            <dict>
                <key>id</key>
                <string>5156</string>
                <key>className</key>
                <string>PTModelComponentSpawner</string>
                <key>Name</key>
                <dict>
                    <key>visible</key>
                    <string>0</string>
                    <key>value</key>
                    <string>Spawner</string>
                </dict>
                <key>Spawn Rate</key>
                <dict>
                    <key>value</key>
                    <string>3.000000</string>
                    <key>animations</key>
                    <array/>
                </dict>
                <key>Spawn Action</key>
                <dict>
                    <key>selectedStringValue</key>
                    <string>kPermanentSpawning</string>
                </dict>
            </dict>
            <dict>
                <key>id</key>
                <string>5632</string>
                <key>className</key>
                <string>PTModelComponentSpawner</string>
                <key>Name</key>
                <dict>
                    <key>visible</key>
                    <string>0</string>
                    <key>value</key>
                    <string>Spawner</string>
                </dict>
                <key>Spawn Rate</key>
                <dict>
                    <key>value</key>
                    <string>3.000000</string>
                </dict>
                <key>Spawn Action</key>
                <dict>
                    <key>selectedStringValue</key>
                    <string>kPermanentSpawning</string>
                </dict>
            </dict>
        </array>
    </dict>
</plist>
