<?xml version="1.0" encoding="UTF-8"?>
<!DOCTYPE plist PUBLIC "-//Apple//DTD PLIST 1.0//EN" "http://www.apple.com/DTDs/PropertyList-1.0.dtd"/>

<plist version="1.0">
    <dict>
        <key>ROOT</key>
        <array>
            <dict>
                <key>id</key>
                <string>98</string>
                <key>children</key>
                <array>
                    <string>4384</string>
                    <string>4409</string>
                    <string>4389</string>
                    <string>4396</string>
                    <string>4401</string>
                    <string>4406</string>
                </array>
            </dict>
            <dict>
                <key>id</key>
                <string>100</string>
                <key>Music</key>
                <dict>
                    <key>value</key>
                    <string>4310</string>
                </dict>
                <key>children</key>
                <array>
                    <string>1388</string>
                    <string>1390</string>
                    <string>1392</string>
                    <string>1568</string>
                    <string>1614</string>
                    <string>4042</string>
                    <string>4045</string>
                </array>
            </dict>
            <dict>
                <key>id</key>
                <string>1570</string>
                <key>children</key>
                <array>
                    <string>1571</string>
                    <string>1574</string>
                    <string>4027</string>
                </array>
            </dict>
            <dict>
                <key>id</key>
                <string>1578</string>
                <key>children</key>
                <array>
                    <string>1579</string>
                    <string>4335</string>
                    <string>4338</string>
                    <string>4358</string>
                    <string>4361</string>
                    <string>4373</string>
                    <string>4378</string>
                    <string>4416</string>
                    <string>4421</string>
                </array>
            </dict>
            <dict>
                <key>id</key>
                <string>1585</string>
                <key>children</key>
                <array>
                    <string>4428</string>
                    <string>4433</string>
                    <string>4444</string>
                    <string>4449</string>
                </array>
            </dict>
            <dict>
                <key>id</key>
                <string>1594</string>
                <key>children</key>
                <array>
                    <string>4456</string>
                    <string>4461</string>
                    <string>4466</string>
                    <string>4471</string>
                </array>
            </dict>
            <dict>
                <key>id</key>
                <string>1601</string>
                <key>children</key>
                <array>
                    <string>1602</string>
                    <string>1605</string>
                    <string>1608</string>
                    <string>1611</string>
                </array>
            </dict>
            <dict>
                <key>id</key>
                <string>1613</string>
                <key>children</key>
                <array>
                    <string>4480</string>
                    <string>4483</string>
                    <string>4488</string>
                </array>
            </dict>
            <dict>
                <key>id</key>
                <string>1646</string>
                <key>children</key>
                <array>
                    <string>1647</string>
                    <string>1648</string>
                </array>
            </dict>
        </array>
    </dict>
</plist>
