<?xml version="1.0" encoding="UTF-8"?>
<!DOCTYPE plist PUBLIC "-//Apple//DTD PLIST 1.0//EN" "http://www.apple.com/DTDs/PropertyList-1.0.dtd"/>

<plist version="1.0">
    <dict>
        <key>ROOT</key>
        <array>
            <dict>
                <key>id</key>
                <string>484</string>
            </dict>
            <dict>
                <key>id</key>
                <string>1296</string>
            </dict>
            <dict>
                <key>id</key>
                <string>2933</string>
            </dict>
            <dict>
                <key>id</key>
                <string>2962</string>
            </dict>
            <dict>
                <key>id</key>
                <string>2968</string>
            </dict>
            <dict>
                <key>id</key>
                <string>2974</string>
            </dict>
            <dict>
                <key>id</key>
                <string>2980</string>
            </dict>
            <dict>
                <key>id</key>
                <string>5668</string>
            </dict>
        </array>
    </dict>
</plist>
