<?xml version="1.0" encoding="UTF-8"?>
<!DOCTYPE plist PUBLIC "-//Apple//DTD PLIST 1.0//EN" "http://www.apple.com/DTDs/PropertyList-1.0.dtd"/>

<plist version="1.0">
    <dict>
        <key>ROOT</key>
        <array>
            <dict>
                <key>id</key>
                <string>1382</string>
                <key>className</key>
                <string>PTModelObjectButton</string>
                <key>Name</key>
                <dict>
                    <key>value</key>
                    <string>Untitled</string>
                </dict>
                <key>Position</key>
                <dict>
                    <key>value</key>
                    <string>{285.560,245.769}</string>
                </dict>
                <key>Scale</key>
                <dict>
                    <key>value</key>
                    <string>{1.000,1.000}</string>
                </dict>
                <key>Hidden</key>
                <dict>
                    <key>visible</key>
                    <string>0</string>
                </dict>
                <key>Locked</key>
                <dict>
                    <key>visible</key>
                    <string>0</string>
                </dict>
                <key>Action</key>
                <dict>
                    <key>selectedStringValue</key>
                    <string>kNoAction</string>
                </dict>
                <key>Back To</key>
                <dict>
                    <key>visible</key>
                    <string>0</string>
                    <key>selectedStringValue</key>
                    <string>PTPScreenScene 2</string>
                </dict>
                <key>Back To World</key>
                <dict>
                    <key>visible</key>
                    <string>0</string>
                    <key>selectedStringValue</key>
                    <string></string>
                </dict>
                <key>Keyboard Key</key>
                <dict>
                    <key>value</key>
                    <string>-1</string>
                </dict>
                <key>Touch Emulation</key>
                <dict>
                    <key>visible</key>
                    <string>0</string>
                </dict>
                <key>zDepth</key>
                <string>1000</string>
            </dict>
            <dict>
                <key>id</key>
                <string>1568</string>
                <key>className</key>
                <string>PTModelObjectButton</string>
                <key>Name</key>
                <dict>
                    <key>value</key>
                    <string>Pause</string>
                </dict>
                <key>Position</key>
                <dict>
                    <key>value</key>
                    <string>{1056.000,560.000}</string>
                    <key>animationsX</key>
                    <array/>
                    <key>animationsY</key>
                    <array/>
                </dict>
                <key>Rotation</key>
                <dict>
                    <key>animations</key>
                    <array/>
                </dict>
                <key>Scale</key>
                <dict>
                    <key>value</key>
                    <string>{1.000,1.000}</string>
                    <key>animationsX</key>
                    <array/>
                    <key>animationsY</key>
                    <array/>
                </dict>
                <key>Hidden</key>
                <dict>
                    <key>visible</key>
                    <string>0</string>
                </dict>
                <key>Locked</key>
                <dict>
                    <key>visible</key>
                    <string>0</string>
                </dict>
                <key>Opacity</key>
                <dict>
                    <key>animations</key>
                    <array/>
                </dict>
                <key>Action</key>
                <dict>
                    <key>selectedStringValue</key>
                    <string>kPauseButton</string>
                </dict>
                <key>Back To</key>
                <dict>
                    <key>visible</key>
                    <string>0</string>
                    <key>selectedStringValue</key>
                    <string>PTPScreenMainMenuUI</string>
                </dict>
                <key>Back To World</key>
                <dict>
                    <key>visible</key>
                    <string>0</string>
                    <key>selectedStringValue</key>
                    <string></string>
                </dict>
                <key>Keyboard Key</key>
                <dict>
                    <key>value</key>
                    <string>-1</string>
                </dict>
                <key>Touch Emulation</key>
                <dict>
                    <key>visible</key>
                    <string>0</string>
                    <key>animations</key>
                    <array/>
                </dict>
                <key>zDepth</key>
                <string>3</string>
            </dict>
            <dict>
                <key>id</key>
                <string>1574</string>
                <key>className</key>
                <string>PTModelObjectButton</string>
                <key>Name</key>
                <dict>
                    <key>value</key>
                    <string>Start</string>
                </dict>
                <key>Position</key>
                <dict>
                    <key>value</key>
                    <string>{568.000,170.000}</string>
                </dict>
                <key>Scale</key>
                <dict>
                    <key>value</key>
                    <string>{1.000,1.000}</string>
                </dict>
                <key>Hidden</key>
                <dict>
                    <key>visible</key>
                    <string>0</string>
                </dict>
                <key>Locked</key>
                <dict>
                    <key>visible</key>
                    <string>0</string>
                </dict>
                <key>Action</key>
                <dict>
                    <key>selectedStringValue</key>
                    <string>kNoAction</string>
                </dict>
                <key>Back To</key>
                <dict>
                    <key>visible</key>
                    <string>0</string>
                    <key>selectedStringValue</key>
                    <string></string>
                </dict>
                <key>Back To World</key>
                <dict>
                    <key>visible</key>
                    <string>0</string>
                    <key>selectedStringValue</key>
                    <string></string>
                </dict>
                <key>Keyboard Key</key>
                <dict>
                    <key>value</key>
                    <string>-1</string>
                </dict>
                <key>Touch Emulation</key>
                <dict>
                    <key>visible</key>
                    <string>0</string>
                </dict>
                <key>zDepth</key>
                <string>1</string>
            </dict>
            <dict>
                <key>id</key>
                <string>1608</string>
                <key>className</key>
                <string>PTModelObjectButton</string>
                <key>Name</key>
                <dict>
                    <key>value</key>
                    <string>Continue</string>
                </dict>
                <key>Position</key>
                <dict>
                    <key>value</key>
                    <string>{907.500,100.000}</string>
                    <key>animationsX</key>
                    <array/>
                    <key>animationsY</key>
                    <array/>
                </dict>
                <key>Rotation</key>
                <dict>
                    <key>animations</key>
                    <array/>
                </dict>
                <key>Scale</key>
                <dict>
                    <key>value</key>
                    <string>{1.000,1.000}</string>
                    <key>animationsX</key>
                    <array/>
                    <key>animationsY</key>
                    <array/>
                </dict>
                <key>Hidden</key>
                <dict>
                    <key>visible</key>
                    <string>0</string>
                </dict>
                <key>Locked</key>
                <dict>
                    <key>visible</key>
                    <string>0</string>
                </dict>
                <key>Action</key>
                <dict>
                    <key>selectedStringValue</key>
                    <string>kBackButton</string>
                </dict>
                <key>Back To</key>
                <dict>
                    <key>visible</key>
                    <string>0</string>
                    <key>selectedStringValue</key>
                    <string>PTPScreenMainMenuUI</string>
                </dict>
                <key>Back To World</key>
                <dict>
                    <key>visible</key>
                    <string>0</string>
                    <key>selectedStringValue</key>
                    <string></string>
                </dict>
                <key>Keyboard Key</key>
                <dict>
                    <key>value</key>
                    <string>-1</string>
                </dict>
                <key>Touch Emulation</key>
                <dict>
                    <key>visible</key>
                    <string>0</string>
                </dict>
                <key>zDepth</key>
                <string>0</string>
            </dict>
            <dict>
                <key>id</key>
                <string>1611</string>
                <key>className</key>
                <string>PTModelObjectButton</string>
                <key>Name</key>
                <dict>
                    <key>value</key>
                    <string>Main Menu</string>
                </dict>
                <key>Position</key>
                <dict>
                    <key>value</key>
                    <string>{907.500,230.000}</string>
                    <key>animationsX</key>
                    <array/>
                    <key>animationsY</key>
                    <array/>
                </dict>
                <key>Rotation</key>
                <dict>
                    <key>animations</key>
                    <array/>
                </dict>
                <key>Scale</key>
                <dict>
                    <key>value</key>
                    <string>{1.000,1.000}</string>
                    <key>animationsX</key>
                    <array/>
                    <key>animationsY</key>
                    <array/>
                </dict>
                <key>Hidden</key>
                <dict>
                    <key>visible</key>
                    <string>0</string>
                </dict>
                <key>Locked</key>
                <dict>
                    <key>visible</key>
                    <string>0</string>
                </dict>
                <key>Action</key>
                <dict>
                    <key>selectedStringValue</key>
                    <string>kBackToButton</string>
                </dict>
                <key>Back To</key>
                <dict>
                    <key>selectedStringValue</key>
                    <string>PTPScreenMainMenuUI</string>
                </dict>
                <key>Back To World</key>
                <dict>
                    <key>visible</key>
                    <string>0</string>
                    <key>selectedStringValue</key>
                    <string></string>
                </dict>
                <key>Keyboard Key</key>
                <dict>
                    <key>value</key>
                    <string>-1</string>
                </dict>
                <key>Touch Emulation</key>
                <dict>
                    <key>visible</key>
                    <string>0</string>
                </dict>
                <key>zDepth</key>
                <string>0</string>
            </dict>
            <dict>
                <key>id</key>
                <string>1648</string>
                <key>className</key>
                <string>PTModelObjectButton</string>
                <key>Name</key>
                <dict>
                    <key>value</key>
                    <string>Start</string>
                </dict>
                <key>Position</key>
                <dict>
                    <key>value</key>
                    <string>{568.000,170.000}</string>
                </dict>
                <key>Scale</key>
                <dict>
                    <key>value</key>
                    <string>{1.000,1.000}</string>
                </dict>
                <key>Hidden</key>
                <dict>
                    <key>visible</key>
                    <string>0</string>
                </dict>
                <key>Locked</key>
                <dict>
                    <key>visible</key>
                    <string>0</string>
                </dict>
                <key>Action</key>
                <dict>
                    <key>selectedStringValue</key>
                    <string>kNoAction</string>
                </dict>
                <key>Back To</key>
                <dict>
                    <key>visible</key>
                    <string>0</string>
                    <key>selectedStringValue</key>
                    <string></string>
                </dict>
                <key>Back To World</key>
                <dict>
                    <key>visible</key>
                    <string>0</string>
                    <key>selectedStringValue</key>
                    <string></string>
                </dict>
                <key>Keyboard Key</key>
                <dict>
                    <key>value</key>
                    <string>-1</string>
                </dict>
                <key>Touch Emulation</key>
                <dict>
                    <key>visible</key>
                    <string>0</string>
                </dict>
                <key>zDepth</key>
                <string>0</string>
            </dict>
            <dict>
                <key>id</key>
                <string>4336</string>
                <key>className</key>
                <string>PTModelObjectButton</string>
                <key>Name</key>
                <dict>
                    <key>value</key>
                    <string>Navigation Button</string>
                </dict>
                <key>Position</key>
                <dict>
                    <key>value</key>
                    <string>{46.286,248.365}</string>
                </dict>
                <key>Scale</key>
                <dict>
                    <key>value</key>
                    <string>{1.000,1.000}</string>
                </dict>
                <key>Hidden</key>
                <dict>
                    <key>visible</key>
                    <string>0</string>
                </dict>
                <key>Locked</key>
                <dict>
                    <key>visible</key>
                    <string>0</string>
                </dict>
                <key>Action</key>
                <dict>
                    <key>selectedStringValue</key>
                    <string>kNoAction</string>
                </dict>
                <key>Back To</key>
                <dict>
                    <key>visible</key>
                    <string>0</string>
                    <key>selectedStringValue</key>
                    <string></string>
                </dict>
                <key>Back To World</key>
                <dict>
                    <key>visible</key>
                    <string>0</string>
                    <key>selectedStringValue</key>
                    <string></string>
                </dict>
                <key>Keyboard Key</key>
                <dict>
                    <key>value</key>
                    <string>-1</string>
                </dict>
                <key>Touch Emulation</key>
                <dict>
                    <key>visible</key>
                    <string>0</string>
                </dict>
                <key>zDepth</key>
                <string>1000</string>
            </dict>
            <dict>
                <key>id</key>
                <string>4338</string>
                <key>className</key>
                <string>PTModelObjectButton</string>
                <key>Name</key>
                <dict>
                    <key>value</key>
                    <string>START</string>
                </dict>
                <key>Position</key>
                <dict>
                    <key>value</key>
                    <string>{76.767,283.362}</string>
                </dict>
                <key>Scale</key>
                <dict>
                    <key>value</key>
                    <string>{0.472,0.904}</string>
                </dict>
                <key>Hidden</key>
                <dict>
                    <key>visible</key>
                    <string>0</string>
                </dict>
                <key>Locked</key>
                <dict>
                    <key>visible</key>
                    <string>0</string>
                </dict>
                <key>Action</key>
                <dict>
                    <key>selectedStringValue</key>
                    <string>kNoAction</string>
                </dict>
                <key>Back To</key>
                <dict>
                    <key>visible</key>
                    <string>0</string>
                    <key>selectedStringValue</key>
                    <string>PTPCoinShopScreen</string>
                </dict>
                <key>Back To World</key>
                <dict>
                    <key>visible</key>
                    <string>0</string>
                    <key>selectedStringValue</key>
                    <string></string>
                </dict>
                <key>Keyboard Key</key>
                <dict>
                    <key>value</key>
                    <string>-1</string>
                </dict>
                <key>Touch Emulation</key>
                <dict>
                    <key>visible</key>
                    <string>0</string>
                </dict>
                <key>zDepth</key>
                <string>4</string>
            </dict>
            <dict>
                <key>id</key>
                <string>4353</string>
                <key>className</key>
                <string>PTModelObjectButton</string>
                <key>Name</key>
                <dict>
                    <key>value</key>
                    <string>Navigation Button</string>
                </dict>
                <key>Position</key>
                <dict>
                    <key>value</key>
                    <string>{313.843,179.500}</string>
                </dict>
                <key>Scale</key>
                <dict>
                    <key>value</key>
                    <string>{1.000,1.000}</string>
                </dict>
                <key>Hidden</key>
                <dict>
                    <key>visible</key>
                    <string>0</string>
                </dict>
                <key>Locked</key>
                <dict>
                    <key>visible</key>
                    <string>0</string>
                </dict>
                <key>Action</key>
                <dict>
                    <key>selectedStringValue</key>
                    <string>kNoAction</string>
                </dict>
                <key>Back To</key>
                <dict>
                    <key>visible</key>
                    <string>0</string>
                    <key>selectedStringValue</key>
                    <string></string>
                </dict>
                <key>Back To World</key>
                <dict>
                    <key>visible</key>
                    <string>0</string>
                    <key>selectedStringValue</key>
                    <string></string>
                </dict>
                <key>Keyboard Key</key>
                <dict>
                    <key>value</key>
                    <string>-1</string>
                </dict>
                <key>Touch Emulation</key>
                <dict>
                    <key>visible</key>
                    <string>0</string>
                </dict>
                <key>zDepth</key>
                <string>1000</string>
            </dict>
            <dict>
                <key>id</key>
                <string>4368</string>
                <key>className</key>
                <string>PTModelObjectButton</string>
                <key>Name</key>
                <dict>
                    <key>value</key>
                    <string>Navigation Button 2</string>
                </dict>
                <key>Position</key>
                <dict>
                    <key>value</key>
                    <string>{244.978,428.995}</string>
                </dict>
                <key>Scale</key>
                <dict>
                    <key>value</key>
                    <string>{1.000,1.000}</string>
                </dict>
                <key>Hidden</key>
                <dict>
                    <key>visible</key>
                    <string>0</string>
                </dict>
                <key>Locked</key>
                <dict>
                    <key>visible</key>
                    <string>0</string>
                </dict>
                <key>Action</key>
                <dict>
                    <key>selectedStringValue</key>
                    <string>kNoAction</string>
                </dict>
                <key>Back To</key>
                <dict>
                    <key>visible</key>
                    <string>0</string>
                    <key>selectedStringValue</key>
                    <string></string>
                </dict>
                <key>Back To World</key>
                <dict>
                    <key>visible</key>
                    <string>0</string>
                    <key>selectedStringValue</key>
                    <string></string>
                </dict>
                <key>Keyboard Key</key>
                <dict>
                    <key>value</key>
                    <string>-1</string>
                </dict>
                <key>Touch Emulation</key>
                <dict>
                    <key>visible</key>
                    <string>0</string>
                </dict>
                <key>zDepth</key>
                <string>1000</string>
            </dict>
            <dict>
                <key>id</key>
                <string>4414</string>
                <key>className</key>
                <string>PTModelObjectButton</string>
                <key>Name</key>
                <dict>
                    <key>value</key>
                    <string>Navigation Button</string>
                </dict>
                <key>Position</key>
                <dict>
                    <key>value</key>
                    <string>{570.111,318.359}</string>
                </dict>
                <key>Scale</key>
                <dict>
                    <key>value</key>
                    <string>{1.000,1.000}</string>
                </dict>
                <key>Hidden</key>
                <dict>
                    <key>visible</key>
                    <string>0</string>
                </dict>
                <key>Locked</key>
                <dict>
                    <key>visible</key>
                    <string>0</string>
                </dict>
                <key>Action</key>
                <dict>
                    <key>selectedStringValue</key>
                    <string>kNoAction</string>
                </dict>
                <key>Back To</key>
                <dict>
                    <key>visible</key>
                    <string>0</string>
                    <key>selectedStringValue</key>
                    <string></string>
                </dict>
                <key>Back To World</key>
                <dict>
                    <key>visible</key>
                    <string>0</string>
                    <key>selectedStringValue</key>
                    <string></string>
                </dict>
                <key>Keyboard Key</key>
                <dict>
                    <key>value</key>
                    <string>-1</string>
                </dict>
                <key>Touch Emulation</key>
                <dict>
                    <key>visible</key>
                    <string>0</string>
                </dict>
                <key>zDepth</key>
                <string>10</string>
            </dict>
            <dict>
                <key>id</key>
                <string>4416</string>
                <key>className</key>
                <string>PTModelObjectButton</string>
                <key>Name</key>
                <dict>
                    <key>value</key>
                    <string>NEXT</string>
                </dict>
                <key>Position</key>
                <dict>
                    <key>value</key>
                    <string>{1042.005,125.312}</string>
                </dict>
                <key>Scale</key>
                <dict>
                    <key>value</key>
                    <string>{1.000,0.893}</string>
                </dict>
                <key>Hidden</key>
                <dict>
                    <key>visible</key>
                    <string>0</string>
                </dict>
                <key>Locked</key>
                <dict>
                    <key>visible</key>
                    <string>0</string>
                </dict>
                <key>Action</key>
                <dict>
                    <key>selectedStringValue</key>
                    <string>kNoAction</string>
                </dict>
                <key>Back To</key>
                <dict>
                    <key>visible</key>
                    <string>0</string>
                    <key>selectedStringValue</key>
                    <string>PTPCoinShopScreen</string>
                </dict>
                <key>Back To World</key>
                <dict>
                    <key>visible</key>
                    <string>0</string>
                    <key>selectedStringValue</key>
                    <string></string>
                </dict>
                <key>Keyboard Key</key>
                <dict>
                    <key>value</key>
                    <string>-1</string>
                </dict>
                <key>Touch Emulation</key>
                <dict>
                    <key>visible</key>
                    <string>0</string>
                </dict>
                <key>zDepth</key>
                <string>7</string>
            </dict>
            <dict>
                <key>id</key>
                <string>4419</string>
                <key>className</key>
                <string>PTModelObjectButton</string>
                <key>Name</key>
                <dict>
                    <key>value</key>
                    <string>Navigation Button 2</string>
                </dict>
                <key>Position</key>
                <dict>
                    <key>value</key>
                    <string>{570.111,318.359}</string>
                </dict>
                <key>Scale</key>
                <dict>
                    <key>value</key>
                    <string>{1.000,1.000}</string>
                </dict>
                <key>Hidden</key>
                <dict>
                    <key>visible</key>
                    <string>0</string>
                </dict>
                <key>Locked</key>
                <dict>
                    <key>visible</key>
                    <string>0</string>
                </dict>
                <key>Action</key>
                <dict>
                    <key>selectedStringValue</key>
                    <string>kNoAction</string>
                </dict>
                <key>Back To</key>
                <dict>
                    <key>visible</key>
                    <string>0</string>
                    <key>selectedStringValue</key>
                    <string></string>
                </dict>
                <key>Back To World</key>
                <dict>
                    <key>visible</key>
                    <string>0</string>
                    <key>selectedStringValue</key>
                    <string></string>
                </dict>
                <key>Keyboard Key</key>
                <dict>
                    <key>value</key>
                    <string>-1</string>
                </dict>
                <key>Touch Emulation</key>
                <dict>
                    <key>visible</key>
                    <string>0</string>
                </dict>
                <key>zDepth</key>
                <string>11</string>
            </dict>
            <dict>
                <key>id</key>
                <string>4421</string>
                <key>className</key>
                <string>PTModelObjectButton</string>
                <key>Name</key>
                <dict>
                    <key>value</key>
                    <string>HOME</string>
                </dict>
                <key>Position</key>
                <dict>
                    <key>value</key>
                    <string>{51.929,449.315}</string>
                </dict>
                <key>Scale</key>
                <dict>
                    <key>value</key>
                    <string>{0.601,0.680}</string>
                </dict>
                <key>Hidden</key>
                <dict>
                    <key>visible</key>
                    <string>0</string>
                </dict>
                <key>Locked</key>
                <dict>
                    <key>visible</key>
                    <string>0</string>
                </dict>
                <key>Action</key>
                <dict>
                    <key>selectedStringValue</key>
                    <string>kNoAction</string>
                </dict>
                <key>Back To</key>
                <dict>
                    <key>visible</key>
                    <string>0</string>
                    <key>selectedStringValue</key>
                    <string>PTPCoinShopScreen</string>
                </dict>
                <key>Back To World</key>
                <dict>
                    <key>visible</key>
                    <string>0</string>
                    <key>selectedStringValue</key>
                    <string></string>
                </dict>
                <key>Keyboard Key</key>
                <dict>
                    <key>value</key>
                    <string>-1</string>
                </dict>
                <key>Touch Emulation</key>
                <dict>
                    <key>visible</key>
                    <string>0</string>
                </dict>
                <key>zDepth</key>
                <string>8</string>
            </dict>
            <dict>
                <key>id</key>
                <string>4431</string>
                <key>className</key>
                <string>PTModelObjectButton</string>
                <key>Name</key>
                <dict>
                    <key>value</key>
                    <string>Navigation Button</string>
                </dict>
                <key>Position</key>
                <dict>
                    <key>value</key>
                    <string>{570.111,318.359}</string>
                </dict>
                <key>Scale</key>
                <dict>
                    <key>value</key>
                    <string>{1.000,1.000}</string>
                </dict>
                <key>Hidden</key>
                <dict>
                    <key>visible</key>
                    <string>0</string>
                </dict>
                <key>Locked</key>
                <dict>
                    <key>visible</key>
                    <string>0</string>
                </dict>
                <key>Action</key>
                <dict>
                    <key>selectedStringValue</key>
                    <string>kNoAction</string>
                </dict>
                <key>Back To</key>
                <dict>
                    <key>visible</key>
                    <string>0</string>
                    <key>selectedStringValue</key>
                    <string>PTPScreenMainMenuUI</string>
                </dict>
                <key>Back To World</key>
                <dict>
                    <key>visible</key>
                    <string>0</string>
                    <key>selectedStringValue</key>
                    <string></string>
                </dict>
                <key>Keyboard Key</key>
                <dict>
                    <key>value</key>
                    <string>-1</string>
                </dict>
                <key>Touch Emulation</key>
                <dict>
                    <key>visible</key>
                    <string>0</string>
                </dict>
                <key>zDepth</key>
                <string>11</string>
            </dict>
            <dict>
                <key>id</key>
                <string>4433</string>
                <key>className</key>
                <string>PTModelObjectButton</string>
                <key>Name</key>
                <dict>
                    <key>value</key>
                    <string>LEVEL GRID</string>
                </dict>
                <key>Position</key>
                <dict>
                    <key>value</key>
                    <string>{72.252,197.563}</string>
                </dict>
                <key>Scale</key>
                <dict>
                    <key>value</key>
                    <string>{0.862,0.831}</string>
                </dict>
                <key>Hidden</key>
                <dict>
                    <key>visible</key>
                    <string>0</string>
                </dict>
                <key>Locked</key>
                <dict>
                    <key>visible</key>
                    <string>0</string>
                </dict>
                <key>Action</key>
                <dict>
                    <key>selectedStringValue</key>
                    <string>kNoAction</string>
                </dict>
                <key>Back To</key>
                <dict>
                    <key>visible</key>
                    <string>0</string>
                    <key>selectedStringValue</key>
                    <string>PTPScreenMainMenuUI</string>
                </dict>
                <key>Back To World</key>
                <dict>
                    <key>visible</key>
                    <string>0</string>
                    <key>selectedStringValue</key>
                    <string></string>
                </dict>
                <key>Keyboard Key</key>
                <dict>
                    <key>value</key>
                    <string>-1</string>
                </dict>
                <key>Touch Emulation</key>
                <dict>
                    <key>visible</key>
                    <string>0</string>
                </dict>
                <key>zDepth</key>
                <string>1</string>
            </dict>
            <dict>
                <key>id</key>
                <string>4436</string>
                <key>className</key>
                <string>PTModelObjectButton</string>
                <key>Name</key>
                <dict>
                    <key>value</key>
                    <string>Navigation Button 2</string>
                </dict>
                <key>Position</key>
                <dict>
                    <key>value</key>
                    <string>{570.111,318.359}</string>
                </dict>
                <key>Scale</key>
                <dict>
                    <key>value</key>
                    <string>{1.000,1.000}</string>
                </dict>
                <key>Hidden</key>
                <dict>
                    <key>visible</key>
                    <string>0</string>
                </dict>
                <key>Locked</key>
                <dict>
                    <key>visible</key>
                    <string>0</string>
                </dict>
                <key>Action</key>
                <dict>
                    <key>selectedStringValue</key>
                    <string>kNoAction</string>
                </dict>
                <key>Back To</key>
                <dict>
                    <key>visible</key>
                    <string>0</string>
                    <key>selectedStringValue</key>
                    <string>PTPScreenMainMenuUI</string>
                </dict>
                <key>Back To World</key>
                <dict>
                    <key>visible</key>
                    <string>0</string>
                    <key>selectedStringValue</key>
                    <string></string>
                </dict>
                <key>Keyboard Key</key>
                <dict>
                    <key>value</key>
                    <string>-1</string>
                </dict>
                <key>Touch Emulation</key>
                <dict>
                    <key>visible</key>
                    <string>0</string>
                </dict>
                <key>zDepth</key>
                <string>10</string>
            </dict>
            <dict>
                <key>id</key>
                <string>4442</string>
                <key>className</key>
                <string>PTModelObjectButton</string>
                <key>Name</key>
                <dict>
                    <key>value</key>
                    <string>Navigation Button 2</string>
                </dict>
                <key>Position</key>
                <dict>
                    <key>value</key>
                    <string>{570.111,318.359}</string>
                </dict>
                <key>Scale</key>
                <dict>
                    <key>value</key>
                    <string>{1.000,1.000}</string>
                </dict>
                <key>Hidden</key>
                <dict>
                    <key>visible</key>
                    <string>0</string>
                </dict>
                <key>Locked</key>
                <dict>
                    <key>visible</key>
                    <string>0</string>
                </dict>
                <key>Action</key>
                <dict>
                    <key>selectedStringValue</key>
                    <string>kNoAction</string>
                </dict>
                <key>Back To</key>
                <dict>
                    <key>visible</key>
                    <string>0</string>
                    <key>selectedStringValue</key>
                    <string>PTPScreenMainMenuUI</string>
                </dict>
                <key>Back To World</key>
                <dict>
                    <key>visible</key>
                    <string>0</string>
                    <key>selectedStringValue</key>
                    <string></string>
                </dict>
                <key>Keyboard Key</key>
                <dict>
                    <key>value</key>
                    <string>-1</string>
                </dict>
                <key>Touch Emulation</key>
                <dict>
                    <key>visible</key>
                    <string>0</string>
                </dict>
                <key>zDepth</key>
                <string>11</string>
            </dict>
            <dict>
                <key>id</key>
                <string>4444</string>
                <key>className</key>
                <string>PTModelObjectButton</string>
                <key>Name</key>
                <dict>
                    <key>value</key>
                    <string>LEVEL LOST</string>
                </dict>
                <key>Position</key>
                <dict>
                    <key>value</key>
                    <string>{62.091,517.051}</string>
                </dict>
                <key>Scale</key>
                <dict>
                    <key>value</key>
                    <string>{0.754,0.892}</string>
                </dict>
                <key>Hidden</key>
                <dict>
                    <key>visible</key>
                    <string>0</string>
                </dict>
                <key>Locked</key>
                <dict>
                    <key>visible</key>
                    <string>0</string>
                </dict>
                <key>Action</key>
                <dict>
                    <key>selectedStringValue</key>
                    <string>kNoAction</string>
                </dict>
                <key>Back To</key>
                <dict>
                    <key>visible</key>
                    <string>0</string>
                    <key>selectedStringValue</key>
                    <string>PTPScreenMainMenuUI</string>
                </dict>
                <key>Back To World</key>
                <dict>
                    <key>visible</key>
                    <string>0</string>
                    <key>selectedStringValue</key>
                    <string></string>
                </dict>
                <key>Keyboard Key</key>
                <dict>
                    <key>value</key>
                    <string>-1</string>
                </dict>
                <key>Touch Emulation</key>
                <dict>
                    <key>visible</key>
                    <string>0</string>
                </dict>
                <key>zDepth</key>
                <string>2</string>
            </dict>
            <dict>
                <key>id</key>
                <string>4447</string>
                <key>className</key>
                <string>PTModelObjectButton</string>
                <key>Name</key>
                <dict>
                    <key>value</key>
                    <string>Navigation Button 3</string>
                </dict>
                <key>Position</key>
                <dict>
                    <key>value</key>
                    <string>{570.111,318.359}</string>
                </dict>
                <key>Scale</key>
                <dict>
                    <key>value</key>
                    <string>{1.000,1.000}</string>
                </dict>
                <key>Hidden</key>
                <dict>
                    <key>visible</key>
                    <string>0</string>
                </dict>
                <key>Locked</key>
                <dict>
                    <key>visible</key>
                    <string>0</string>
                </dict>
                <key>Action</key>
                <dict>
                    <key>selectedStringValue</key>
                    <string>kNoAction</string>
                </dict>
                <key>Back To</key>
                <dict>
                    <key>visible</key>
                    <string>0</string>
                    <key>selectedStringValue</key>
                    <string>PTPScreenMainMenuUI</string>
                </dict>
                <key>Back To World</key>
                <dict>
                    <key>visible</key>
                    <string>0</string>
                    <key>selectedStringValue</key>
                    <string></string>
                </dict>
                <key>Keyboard Key</key>
                <dict>
                    <key>value</key>
                    <string>-1</string>
                </dict>
                <key>Touch Emulation</key>
                <dict>
                    <key>visible</key>
                    <string>0</string>
                </dict>
                <key>zDepth</key>
                <string>12</string>
            </dict>
            <dict>
                <key>id</key>
                <string>4449</string>
                <key>className</key>
                <string>PTModelObjectButton</string>
                <key>Name</key>
                <dict>
                    <key>value</key>
                    <string>MORE GAMES</string>
                </dict>
                <key>Position</key>
                <dict>
                    <key>value</key>
                    <string>{969.753,199.821}</string>
                </dict>
                <key>Scale</key>
                <dict>
                    <key>value</key>
                    <string>{0.923,0.664}</string>
                </dict>
                <key>Hidden</key>
                <dict>
                    <key>visible</key>
                    <string>0</string>
                </dict>
                <key>Locked</key>
                <dict>
                    <key>visible</key>
                    <string>0</string>
                </dict>
                <key>Action</key>
                <dict>
                    <key>selectedStringValue</key>
                    <string>kNoAction</string>
                </dict>
                <key>Back To</key>
                <dict>
                    <key>visible</key>
                    <string>0</string>
                    <key>selectedStringValue</key>
                    <string>PTPScreenMainMenuUI</string>
                </dict>
                <key>Back To World</key>
                <dict>
                    <key>visible</key>
                    <string>0</string>
                    <key>selectedStringValue</key>
                    <string></string>
                </dict>
                <key>Keyboard Key</key>
                <dict>
                    <key>value</key>
                    <string>-1</string>
                </dict>
                <key>Touch Emulation</key>
                <dict>
                    <key>visible</key>
                    <string>0</string>
                </dict>
                <key>zDepth</key>
                <string>3</string>
            </dict>
            <dict>
                <key>id</key>
                <string>4459</string>
                <key>className</key>
                <string>PTModelObjectButton</string>
                <key>Name</key>
                <dict>
                    <key>value</key>
                    <string>Navigation Button</string>
                </dict>
                <key>Position</key>
                <dict>
                    <key>value</key>
                    <string>{570.111,318.359}</string>
                </dict>
                <key>Scale</key>
                <dict>
                    <key>value</key>
                    <string>{1.000,1.000}</string>
                </dict>
                <key>Hidden</key>
                <dict>
                    <key>visible</key>
                    <string>0</string>
                </dict>
                <key>Locked</key>
                <dict>
                    <key>visible</key>
                    <string>0</string>
                </dict>
                <key>Action</key>
                <dict>
                    <key>selectedStringValue</key>
                    <string>kNoAction</string>
                </dict>
                <key>Back To</key>
                <dict>
                    <key>visible</key>
                    <string>0</string>
                    <key>selectedStringValue</key>
                    <string>PTPScreenMainMenuUI</string>
                </dict>
                <key>Back To World</key>
                <dict>
                    <key>visible</key>
                    <string>0</string>
                    <key>selectedStringValue</key>
                    <string></string>
                </dict>
                <key>Keyboard Key</key>
                <dict>
                    <key>value</key>
                    <string>-1</string>
                </dict>
                <key>Touch Emulation</key>
                <dict>
                    <key>visible</key>
                    <string>0</string>
                </dict>
                <key>zDepth</key>
                <string>11</string>
            </dict>
            <dict>
                <key>id</key>
                <string>4461</string>
                <key>className</key>
                <string>PTModelObjectButton</string>
                <key>Name</key>
                <dict>
                    <key>value</key>
                    <string>SOUND</string>
                </dict>
                <key>Position</key>
                <dict>
                    <key>value</key>
                    <string>{73.381,230.302}</string>
                </dict>
                <key>Scale</key>
                <dict>
                    <key>value</key>
                    <string>{0.846,0.725}</string>
                </dict>
                <key>Hidden</key>
                <dict>
                    <key>visible</key>
                    <string>0</string>
                </dict>
                <key>Locked</key>
                <dict>
                    <key>visible</key>
                    <string>0</string>
                </dict>
                <key>Action</key>
                <dict>
                    <key>selectedStringValue</key>
                    <string>kNoAction</string>
                </dict>
                <key>Back To</key>
                <dict>
                    <key>visible</key>
                    <string>0</string>
                    <key>selectedStringValue</key>
                    <string>PTPScreenMainMenuUI</string>
                </dict>
                <key>Back To World</key>
                <dict>
                    <key>visible</key>
                    <string>0</string>
                    <key>selectedStringValue</key>
                    <string></string>
                </dict>
                <key>Keyboard Key</key>
                <dict>
                    <key>value</key>
                    <string>-1</string>
                </dict>
                <key>Touch Emulation</key>
                <dict>
                    <key>visible</key>
                    <string>0</string>
                </dict>
                <key>zDepth</key>
                <string>1</string>
            </dict>
            <dict>
                <key>id</key>
                <string>4464</string>
                <key>className</key>
                <string>PTModelObjectButton</string>
                <key>Name</key>
                <dict>
                    <key>value</key>
                    <string>Navigation Button</string>
                </dict>
                <key>Position</key>
                <dict>
                    <key>value</key>
                    <string>{570.111,318.359}</string>
                </dict>
                <key>Scale</key>
                <dict>
                    <key>value</key>
                    <string>{1.000,1.000}</string>
                </dict>
                <key>Hidden</key>
                <dict>
                    <key>visible</key>
                    <string>0</string>
                </dict>
                <key>Locked</key>
                <dict>
                    <key>visible</key>
                    <string>0</string>
                </dict>
                <key>Action</key>
                <dict>
                    <key>selectedStringValue</key>
                    <string>kNoAction</string>
                </dict>
                <key>Back To</key>
                <dict>
                    <key>visible</key>
                    <string>0</string>
                    <key>selectedStringValue</key>
                    <string>PTPScreenMainMenuUI</string>
                </dict>
                <key>Back To World</key>
                <dict>
                    <key>visible</key>
                    <string>0</string>
                    <key>selectedStringValue</key>
                    <string></string>
                </dict>
                <key>Keyboard Key</key>
                <dict>
                    <key>value</key>
                    <string>-1</string>
                </dict>
                <key>Touch Emulation</key>
                <dict>
                    <key>visible</key>
                    <string>0</string>
                </dict>
                <key>zDepth</key>
                <string>12</string>
            </dict>
            <dict>
                <key>id</key>
                <string>4466</string>
                <key>className</key>
                <string>PTModelObjectButton</string>
                <key>Name</key>
                <dict>
                    <key>value</key>
                    <string>UP</string>
                </dict>
                <key>Position</key>
                <dict>
                    <key>value</key>
                    <string>{1058.939,238.205}</string>
                </dict>
                <key>Scale</key>
                <dict>
                    <key>value</key>
                    <string>{0.739,0.878}</string>
                </dict>
                <key>Hidden</key>
                <dict>
                    <key>visible</key>
                    <string>0</string>
                </dict>
                <key>Locked</key>
                <dict>
                    <key>visible</key>
                    <string>0</string>
                </dict>
                <key>Action</key>
                <dict>
                    <key>selectedStringValue</key>
                    <string>kNoAction</string>
                </dict>
                <key>Back To</key>
                <dict>
                    <key>visible</key>
                    <string>0</string>
                    <key>selectedStringValue</key>
                    <string>PTPScreenMainMenuUI</string>
                </dict>
                <key>Back To World</key>
                <dict>
                    <key>visible</key>
                    <string>0</string>
                    <key>selectedStringValue</key>
                    <string></string>
                </dict>
                <key>Keyboard Key</key>
                <dict>
                    <key>value</key>
                    <string>-1</string>
                </dict>
                <key>Touch Emulation</key>
                <dict>
                    <key>visible</key>
                    <string>0</string>
                </dict>
                <key>zDepth</key>
                <string>2</string>
            </dict>
            <dict>
                <key>id</key>
                <string>4469</string>
                <key>className</key>
                <string>PTModelObjectButton</string>
                <key>Name</key>
                <dict>
                    <key>value</key>
                    <string>Navigation Button</string>
                </dict>
                <key>Position</key>
                <dict>
                    <key>value</key>
                    <string>{570.111,318.359}</string>
                </dict>
                <key>Scale</key>
                <dict>
                    <key>value</key>
                    <string>{1.000,1.000}</string>
                </dict>
                <key>Hidden</key>
                <dict>
                    <key>visible</key>
                    <string>0</string>
                </dict>
                <key>Locked</key>
                <dict>
                    <key>visible</key>
                    <string>0</string>
                </dict>
                <key>Action</key>
                <dict>
                    <key>selectedStringValue</key>
                    <string>kNoAction</string>
                </dict>
                <key>Back To</key>
                <dict>
                    <key>visible</key>
                    <string>0</string>
                    <key>selectedStringValue</key>
                    <string>PTPScreenMainMenuUI</string>
                </dict>
                <key>Back To World</key>
                <dict>
                    <key>visible</key>
                    <string>0</string>
                    <key>selectedStringValue</key>
                    <string></string>
                </dict>
                <key>Keyboard Key</key>
                <dict>
                    <key>value</key>
                    <string>-1</string>
                </dict>
                <key>Touch Emulation</key>
                <dict>
                    <key>visible</key>
                    <string>0</string>
                </dict>
                <key>zDepth</key>
                <string>13</string>
            </dict>
            <dict>
                <key>id</key>
                <string>4471</string>
                <key>className</key>
                <string>PTModelObjectButton</string>
                <key>Name</key>
                <dict>
                    <key>value</key>
                    <string>Navigation Button</string>
                </dict>
                <key>Position</key>
                <dict>
                    <key>value</key>
                    <string>{530.598,391.740}</string>
                </dict>
                <key>Scale</key>
                <dict>
                    <key>value</key>
                    <string>{0.768,0.710}</string>
                </dict>
                <key>Hidden</key>
                <dict>
                    <key>visible</key>
                    <string>0</string>
                </dict>
                <key>Locked</key>
                <dict>
                    <key>visible</key>
                    <string>0</string>
                </dict>
                <key>Action</key>
                <dict>
                    <key>selectedStringValue</key>
                    <string>kNoAction</string>
                </dict>
                <key>Back To</key>
                <dict>
                    <key>visible</key>
                    <string>0</string>
                    <key>selectedStringValue</key>
                    <string>PTPScreenMainMenuUI</string>
                </dict>
                <key>Back To World</key>
                <dict>
                    <key>visible</key>
                    <string>0</string>
                    <key>selectedStringValue</key>
                    <string></string>
                </dict>
                <key>Keyboard Key</key>
                <dict>
                    <key>value</key>
                    <string>-1</string>
                </dict>
                <key>Touch Emulation</key>
                <dict>
                    <key>visible</key>
                    <string>0</string>
                </dict>
                <key>zDepth</key>
                <string>3</string>
            </dict>
            <dict>
                <key>id</key>
                <string>4486</string>
                <key>className</key>
                <string>PTModelObjectButton</string>
                <key>Name</key>
                <dict>
                    <key>value</key>
                    <string>Navigation Button</string>
                </dict>
                <key>Position</key>
                <dict>
                    <key>value</key>
                    <string>{570.111,318.359}</string>
                </dict>
                <key>Scale</key>
                <dict>
                    <key>value</key>
                    <string>{1.000,1.000}</string>
                </dict>
                <key>Hidden</key>
                <dict>
                    <key>visible</key>
                    <string>0</string>
                </dict>
                <key>Locked</key>
                <dict>
                    <key>visible</key>
                    <string>0</string>
                </dict>
                <key>Action</key>
                <dict>
                    <key>selectedStringValue</key>
                    <string>kNoAction</string>
                </dict>
                <key>Back To</key>
                <dict>
                    <key>visible</key>
                    <string>0</string>
                    <key>selectedStringValue</key>
                    <string>PTPCoinShopScreen</string>
                </dict>
                <key>Back To World</key>
                <dict>
                    <key>visible</key>
                    <string>0</string>
                    <key>selectedStringValue</key>
                    <string></string>
                </dict>
                <key>Keyboard Key</key>
                <dict>
                    <key>value</key>
                    <string>-1</string>
                </dict>
                <key>Touch Emulation</key>
                <dict>
                    <key>visible</key>
                    <string>0</string>
                </dict>
                <key>zDepth</key>
                <string>11</string>
            </dict>
            <dict>
                <key>id</key>
                <string>4488</string>
                <key>className</key>
                <string>PTModelObjectButton</string>
                <key>Name</key>
                <dict>
                    <key>value</key>
                    <string>EXIT</string>
                </dict>
                <key>Position</key>
                <dict>
                    <key>value</key>
                    <string>{1017.168,370.290}</string>
                    <key>animationsX</key>
                    <array/>
                    <key>animationsY</key>
                    <array/>
                </dict>
                <key>Rotation</key>
                <dict>
                    <key>animations</key>
                    <array/>
                </dict>
                <key>Scale</key>
                <dict>
                    <key>value</key>
                    <string>{1.000,0.862}</string>
                    <key>animationsX</key>
                    <array/>
                    <key>animationsY</key>
                    <array/>
                </dict>
                <key>Hidden</key>
                <dict>
                    <key>visible</key>
                    <string>0</string>
                </dict>
                <key>Locked</key>
                <dict>
                    <key>visible</key>
                    <string>0</string>
                </dict>
                <key>Opacity</key>
                <dict>
                    <key>animations</key>
                    <array/>
                </dict>
                <key>Action</key>
                <dict>
                    <key>selectedStringValue</key>
                    <string>kNoAction</string>
                </dict>
                <key>Back To</key>
                <dict>
                    <key>visible</key>
                    <string>0</string>
                    <key>selectedStringValue</key>
                    <string>PTPCoinShopScreen</string>
                </dict>
                <key>Back To World</key>
                <dict>
                    <key>visible</key>
                    <string>0</string>
                    <key>selectedStringValue</key>
                    <string></string>
                </dict>
                <key>Keyboard Key</key>
                <dict>
                    <key>value</key>
                    <string>-1</string>
                </dict>
                <key>Touch Emulation</key>
                <dict>
                    <key>visible</key>
                    <string>0</string>
                    <key>animations</key>
                    <array/>
                </dict>
                <key>zDepth</key>
                <string>2</string>
            </dict>
        </array>
    </dict>
</plist>
